EP Site ID,Latitude,Longitude
PH-ILN-00039,18.15558333,120.5377333
PH-NCR-01279,14.723528,121.041923
PH-NUV-00327,16.44049722,121.1005778
PH-NUE-00616,15.657687,120.768786
PH-ISA-00232,16.908815,121.80662
PH-ILS-02324,17.58505,120.36169
PH-ISA-02626,16.865555,121.615477
PH-AUR-02267,15.755878,121.571169
PH-BEN-02241,16.434563,120.623674
PH-TAR-00665,15.55073,120.64422
PH-ILS-00154,17.25849797,120.42907
PH-PAN-00438,16.03388,120.22185
PH-LAG-03152,14.035588,121.267842
PH-NCR-01208,14.76721,121.04446
PH-NCR-01237,14.74433,121.03548
PH-NCR-01254,14.734175,121.052057
PH-NCR-01409,14.676189,121.042952
PH-NCR-01294,14.71693,120.95512
PH-NCR-01278,14.72404,121.02667
PH-NCR-01428,14.670042,120.999358
PH-NCR-01303,14.7133,120.98298
PH-NCR-01257,14.733235,121.034588
PH-NCR-01290,14.717977,121.03414
PH-NCR-01318,14.70694,120.99149
PH-NCR-01322,14.70488,121.00735
PH-NCR-01537,14.63758,120.96615
PH-NCR-01334,14.700223,120.982514
PH-NCR-01373,14.688784,120.956802
PH-NCR-01349,14.695553,120.959994
PH-NCR-01340,14.69778333,121.0366556
PH-NCR-01364,14.6913,121.01026
PH-NCR-01377,14.6862,120.985796
PH-NCR-02466,14.678138,120.94069
PH-NCR-01380,14.685581,120.976094
PH-NCR-01436,14.6685,120.99229
PH-NCR-02368,14.672963,121.02588
PH-NCR-02556,14.6243,120.986432
PH-NCR-01427,14.670468,121.039086
PH-NCR-01467,14.660674,121.029842
PH-NCR-01497,14.651526,121.029468
PH-NCR-01495,14.651842,120.97756
PH-NCR-01489,14.6532292,121.0202614
PH-NCR-01494,14.652075,120.997497
PH-NCR-01523,14.642768,121.036284
PH-NCR-01524,14.642324,120.975273
PH-NCR-01538,14.637347,120.996469
PH-NCR-01559,14.63131,121.0486
PH-RIZ-02228,14.61569,121.16063
PH-NCR-01568,14.628914,121.033843
PH-NCR-01586,14.623572,121.027801
PH-NCR-01579,14.624835,121.040194
PH-NCR-01605,14.619962,120.963122
PH-NCR-01602,14.6206,121.0005
PH-NCR-01626,14.615484,120.9772
PH-NCR-01614,14.61761667,121.0157917
PH-NCR-01594,14.6216076,121.0511129
PH-NCR-01636,14.612918,120.990182
PH-NCR-01658,14.606881,120.966095
PH-NCR-01689,14.60212,120.979763
PH-NCR-01699,14.60002,121.02829
PH-NCR-01704,14.59903,120.99401
PH-BUL-01249,14.737656,120.95802
PH-NCR-01472,14.657852,120.975566
PH-NCR-01384,14.684678,120.992946
PH-NCR-01319,14.7064986,121.0241996
PH-NCR-01623,14.615817,121.037761
PH-NCR-01440,14.6675485,121.0338488
PH-NCR-01281,14.7219062,121.0649032
PH-NCR-02454,14.7126816,121.055296
PH-RIZ-01304,14.71261,121.13443
PH-NCR-01363,14.691461,121.084862
PH-NCR-01336,14.699708,121.066592
PH-NCR-02502,14.68622,121.06298
PH-NCR-01404,14.6776653,121.0696423
PH-NCR-02417,14.66966,121.11367
PH-NCR-01442,14.666322,121.053607
PH-NCR-01492,14.652304,121.055273
PH-NCR-01478,14.65606,121.12149
PH-NCR-01527,14.640814,121.060852
PH-NCR-01575,14.627219,121.012469
PH-NCR-01479,14.65565,121.0347944
PH-RIZ-01620,14.61658,121.13107
PH-NCR-01512,14.645551,121.058915
PH-NCR-01499,14.6509,120.98399
PH-NCR-01554,14.6323,120.97987
PH-RIZ-02503,14.5935,121.27142
PH-RIZ-02250,14.60012,121.11199
PH-RIZ-01760,14.58195,121.10909
PH-NCR-02218,14.688508,121.013923
PH-BUL-01190,14.787983,121.074332
PH-NCR-01539,14.63726,121.09844
PH-RIZ-02516,14.64007,121.1329
PH-RIZ-01580,14.62461,121.12179
PH-RIZ-02251,14.6677,121.13557
PH-NCR-01683,14.602821,121.016225
PH-NCR-02268,14.6804,121.0203
PH-NCR-01709,14.597466,120.968564
PH-NCR-01726,14.590184,121.020675
PH-NCR-02269,14.586131,121.031675
PH-NCR-01757,14.582421,121.046192
PH-NCR-02371,14.575754,120.988112
PH-NCR-01795,14.572115,121.034854
PH-NCR-01869,14.505619,121.05384
PH-NCR-01316,14.7074114,121.0606522
PH-NCR-01379,14.685758,120.943328
PH-NCR-01431,14.669658,120.960314
PH-NCR-02661,14.535311,121.06011
PH-NCR-01871,14.500266,121.047472
PH-NCR-01861,14.51384,121.05912
PH-NCR-01712,14.596493,121.081774
PH-RIZ-01813,14.564,121.1019
PH-RIZ-01758,14.58236,121.11991
PH-RIZ-01778,14.57736,121.13511
PH-NCR-01797,14.5718,121.070721
PH-RIZ-01810,14.56565,121.13721
PH-RIZ-01874,14.49397,121.23384
PH-NCR-01845,14.5372,121.068
PH-NCR-01853,14.527402,121.074809
PH-RIZ-01625,14.61552,121.11753
PH-RIZ-02252,14.56706,121.13071
PH-RIZ-01755,14.58333,121.14978
PH-RIZ-01739,14.58722,121.15909
PH-RIZ-02549,14.54823,121.18962
PH-RIZ-01577,14.62545,121.14547
PH-RIZ-01616,14.61728,121.18354
PH-RIZ-01823,14.55769,121.11541
PH-RIZ-01877,14.49137,121.2969
PH-RIZ-01351,14.69405,121.12045
PH-RIZ-01596,14.62133,121.17101
PH-RIZ-01858,14.52226,121.24079
PH-NCR-02522,14.58111,121.02895
PH-NCR-01827,14.549383,121.073397
PH-RIZ-01893,14.47402,121.20276
PH-NCR-02640,14.579262,121.101336
PH-RIZ-01635,14.61306,121.10256
PH-NCR-01326,14.703187,120.980997
PH-NCR-01313,14.710469,120.976304
PH-RIZ-02702,14.52289,121.15295
PH-NCR-01220,14.759244,121.069496
PH-NCR-01323,14.704689,120.954519
PH-NCR-01251,14.73705,120.994042
PH-RIZ-01781,14.57617,121.12154
PH-RIZ-01824,14.55725,121.21184
PH-RIZ-01886,14.48072,121.23135
PH-RIZ-01543,14.63528,121.1093
PH-RIZ-01910,14.33139,121.35494
PH-NCR-01370,14.689383,120.981269
PH-RIZ-01696,14.60026,121.19099
PH-RIZ-01857,14.52368,121.26293
PH-RIZ-01903,14.43286,121.33496
PH-RIZ-01905,14.39894,121.34084
PH-RIZ-01841,14.54094,121.35598
PH-RIZ-01772,14.57899,121.18494
PH-BUL-01096,14.865259,120.858178
PH-ZMB-01142,14.839622,120.284667
PH-ZMB-01160,14.82786667,120.28205
PH-NUE-00701,15.48715,120.9641667
PH-BUL-00937,15.01886667,120.93595
PH-PAM-00922,15.03208333,120.6895333
PH-TAR-00710,15.4796,120.5962167
PH-BUL-00991,14.962064,120.897851
PH-TAR-02470,15.313181,120.641132
PH-TAR-00617,15.65276667,120.5746
PH-BUL-01206,14.76836667,120.954801
PH-TAR-00580,15.762941,120.584436
PH-TAR-00738,15.392389,120.596508
PH-TAR-00631,15.6136,120.4420167
PH-BUL-01034,14.92305,121.02455
PH-PAM-00882,15.092428,120.623209
PH-PAM-00972,14.977093,120.527505
PH-ZMB-02718,15.326826,119.980179
PH-PAM-03182,15.06691667,120.7204833
PH-PAM-00963,14.98472611,120.7593289
PH-BUL-01135,14.84298333,120.81245
PH-TAR-02715,15.68966667,120.4131
PH-BUL-01187,14.795577,120.878126
PH-BUL-00836,15.15413333,120.9763167
PH-PAM-00909,15.0517,120.66635
PH-BUL-01186,14.79823333,120.930001
PH-BUL-01134,14.84318333,120.737401
PH-BUL-01051,14.90173333,120.8391167
PH-BUL-01170,14.81491667,120.946101
PH-PAM-02686,15.107339,120.772468
PH-BUL-01143,14.83948333,120.8609167
PH-TAR-00782,15.2719,120.5609667
PH-TAR-00764,15.318508,120.583283
PH-TAR-00655,15.575655,120.685096
PH-TAR-00633,15.61033333,120.5970667
PH-NUE-02448,15.260986,120.864187
PH-BAN-02566,14.540261,120.588176
PH-NCR-01715,14.59478,121.031852
PH-ZMB-02396,14.86608333,120.2378667
PH-ZMB-00974,14.97645,120.15295
PH-NCR-01413,14.674023,120.945554
PH-BUL-02512,14.89933333,121.0438333
PH-BUL-00797,15.22224,120.95324
PH-PAM-00814,15.17788333,120.6035167
PH-PAM-00839,15.15078,120.56293
PH-ZMB-02455,15.53335,119.95615
PH-PAM-00826,15.16385,120.5897333
PH-PAN-02398,16.30967,120.016615
PH-KAL-00127,17.46948333,121.4577333
PH-CAV-03178,14.142746,120.855836
PH-CAV-03174,14.259506,120.91478
PH-NCR-01462,14.661846,120.968751
PH-ILI-03162,11.46813965,123.1473465
PH-CAP-03142,11.51479,122.76185
PH-NCR-01769,14.579314,121.035726
PH-NCR-01454,14.663448,120.984339
PH-NCR-01475,14.65678,120.98327
PH-NCR-01606,14.619004,120.981672
PH-NCR-01629,14.614171,120.983966
PH-NCR-01817,14.56105,120.99419
PH-NCR-01617,14.616991,120.970236
PH-NCR-01631,14.614,120.9653167
PH-NCR-01655,14.60744,120.98457
PH-NCR-01666,14.605704,120.993096
PH-NCR-01569,14.628571,120.973675
PH-NCR-01632,14.613847,121.003187
PH-NCR-01646,14.609941,120.99674
PH-NCR-01752,14.584265,120.984191
PH-NCR-02369,14.579688,120.998856
PH-NCR-01685,14.60253,120.96317
PH-NCR-01650,14.609394,120.962568
PH-NCR-02635,14.608566,120.979081
PH-NCR-01790,14.574693,121.010866
PH-NCR-01796,14.571864,120.993141
PH-NCR-01807,14.56661667,121.00205
PH-NCR-02392,14.57648333,121.0405833
PH-NSA-03218,12.54901,125.114272
PH-NSA-03220,12.56375027,124.9291077
PH-PAM-00976,14.975872,120.480465
PH-NCR-02504,14.64943,121.12655
PH-NCR-01664,14.60597,121.03276
PH-RIZ-01866,14.50701,121.1911
PH-RIZ-01787,14.57527,121.11567
PH-RIZ-01770,14.57927,121.12777
PH-NCR-01374,14.688001,121.001432
PH-NCR-01392,14.68178333,120.98165
PH-NCR-01277,14.724336,121.002821
PH-NCR-01730,14.58961,121.00087
PH-NCR-01300,14.7146,120.960182
PH-NCR-01314,14.708187,120.959435
PH-NCR-01403,14.677777,120.993055
PH-NCR-01355,14.692348,120.986636
PH-NCR-01399,14.679143,120.961759
PH-NCR-01339,14.697942,121.010832
PH-NCR-01383,14.6850716,121.076752
PH-RIZ-01687,14.60241,121.11949
PH-NCR-01382,14.6853644,121.1028874
PH-RIZ-01297,14.71637,121.14215
PH-RIZ-01372,14.6888,121.1296
PH-RIZ-02480,14.73152,121.13226
PH-NCR-01483,14.65447,121.11407
PH-RIZ-01459,14.66251,121.15205
PH-RIZ-01612,14.61799,121.13755
PH-NCR-01673,14.60395,121.04026
PH-RIZ-01255,14.73374,121.1524
PH-NCR-02207,14.6855959,121.0417824
PH-NCR-01321,14.705293,121.046249
PH-NCR-02510,14.7080775,121.0298425
PH-NCR-01286,14.720578,121.019403
PH-NCR-01276,14.724478,121.033988
PH-NCR-01239,14.742391,121.004504
PH-NCR-01618,14.616813,120.995363
PH-NCR-02209,14.662084,121.036363
PH-NCR-01653,14.60792,120.98817
PH-RIZ-01912,14.32788,121.30895
PH-NCR-02358,14.6402605,121.0737972
PH-NCR-01516,14.64444,121.10844
PH-RIZ-01892,14.47481,121.21397
PH-NCR-01652,14.60817,121.01018
PH-RIZ-01887,14.48054,121.31427
PH-RIZ-01832,14.54549,121.38157
PH-RIZ-01828,14.54758,121.12282
PH-RIZ-01799,14.57073,121.15299
PH-RIZ-02187,14.73645,121.17279
PH-RIZ-02548,14.55363,121.28664
PH-RIZ-01250,14.73731,121.15845
PH-NCR-01517,14.644438,121.003029
PH-RIZ-01572,14.62782,121.23482
PH-NCR-01607,14.61858,120.98878
PH-RIZ-01720,14.5922,121.15164
PH-RIZ-01895,14.46478,121.32423
PH-RIZ-01843,14.53845,121.14761
PH-NCR-02242,14.595795,121.017939
PH-NCR-01765,14.58114,121.0227
PH-RIZ-01733,14.58898,121.13962
PH-RIZ-01863,14.51354,121.31059
PH-NCR-02190,14.58888,121.02747
PH-NCR-02540,14.579594,120.978009
PH-RIZ-01848,14.53136,121.22492
PH-NCR-01487,14.653532,120.98889
PH-RIZ-01855,14.52577,121.32181
PH-RIZ-01838,14.5422,121.3389
PH-NCR-01604,14.620289,121.021183
PH-NCR-02521,14.584,121.07575
PH-NCR-01791,14.574151,121.029039
PH-NCR-03228,14.428868,120.989017
PH-NCR-01299,14.715022,121.023951
PH-PAM-00897,15.071341,120.697531
PH-CAG-02270,18.05629722,121.8195417
PH-APA-00022,18.259584,121.036063
PH-APA-00027,18.221232,121.419168
PH-AUR-02176,15.71985,121.5191
PH-AUR-00740,15.385711,121.398741
PH-BEN-00301,16.581497,120.570369
PH-BUL-02399,14.97726667,120.9426333
PH-BUL-02271,14.77161667,120.8922333
PH-ISA-00167,17.167263,121.612412
PH-ILS-00128,17.46226667,120.4745667
PH-ILS-00288,16.987318,120.739325
PH-ILS-00172,17.149185,120.519468
PH-ISA-00209,16.985461,122.026503
PH-ISA-00265,16.757955,121.747883
PH-ISA-00207,16.9916,121.6425
PH-ISA-00126,17.471206,121.792936
PH-ISA-02261,17.062138,122.41979
PH-KAL-02200,17.471716,121.570775
PH-KAL-00102,17.60070983,121.42628
PH-LUN-00383,16.227263,120.431164
PH-LUN-00235,16.90522,120.47278
PH-NUE-00757,15.35078333,121.0468167
PH-NUE-00695,15.49309,121.034669
PH-ABR-02418,17.545485,120.719438
PH-NUE-00649,15.58478333,121.1846
PH-PAM-02456,15.09751667,120.7613667
PH-ZMB-00729,15.436943,119.903297
PH-LUN-00382,16.229279,120.505428
PH-BEN-00376,16.267686,120.557847
PH-ABR-00074,17.682662,120.731021
PH-AUR-00402,16.136082,121.958262
PH-MOU-02668,16.965777,121.026377
PH-PAM-00966,14.97988333,120.5841333
PH-CAG-00008,18.516249,121.309999
PH-ISA-00280,16.697246,121.628943
PH-ISA-00284,16.68639444,121.7803389
PH-ABR-00111,17.563039,120.651256
PH-MAD-02419,13.349808,121.835235
PH-BUL-00825,15.166501,121.0591333
PH-ISA-00183,17.096551,121.962855
PH-PAM-00895,15.073851,120.7549333
PH-PAN-00523,15.9359646,120.5814911
PH-TAR-00592,15.714233,120.578145
PH-PAN-00387,16.193898,120.513179
PH-ISA-00247,16.8523,121.889537
PH-PAN-00409,16.093829,120.576909
PH-TAR-00618,15.646345,120.590127
PH-ABR-00122,17.486131,120.752973
PH-BAN-01437,14.6683,120.5477167
PH-LUN-00318,16.51232,120.463271
PH-ABR-00123,17.477498,120.605561
PH-BEN-00326,16.44945,120.528761
PH-NUE-00732,15.417618,121.357763
PH-BUL-01010,14.94091667,121.00245
PH-APA-02469,17.8001,121.29821
PH-BUL-02585,14.752681,120.953964
PH-ABR-00109,17.570412,120.58834
PH-ABR-00134,17.434111,120.705031
PH-APA-02247,18.28865,121.435568
PH-ABR-00136,17.413235,120.596468
PH-ABR-00132,17.437428,120.625662
PH-ZMB-00774,15.288407,120.062539
PH-BUL-01175,14.809311,120.867219
PH-BEN-00328,16.43605,120.62925
PH-BUL-02547,14.90563333,120.9286
PH-BUL-02580,14.99601667,120.89025
PH-TAR-00699,15.488274,120.471563
PH-BUL-01050,14.90228,120.822827
PH-BUL-01180,14.803248,121.035122
PH-BUL-00847,15.141701,120.9449333
PH-BUL-01176,14.809158,120.924068
PH-BUL-01189,14.78965,120.948486
PH-BUL-01111,14.85536667,121.07025
PH-BUL-02586,14.79471667,121.0257833
PH-BUL-01211,14.76635,121.011444
PH-BUL-01031,14.925865,120.89182
PH-CAG-00059,17.84917,121.346492
PH-CAG-00001,19.26603,121.481329
PH-CAG-00004,18.61194444,121.1649028
PH-CAG-00040,18.120538,121.679966
PH-CAG-00052,17.957663,121.910601
PH-IFU-00210,16.983228,121.232733
PH-IFU-00211,16.973478,121.346103
PH-ILN-02610,17.918266,120.667729
PH-BUL-01154,14.83103333,120.8909167
PH-BUL-01217,14.76386667,120.9653667
PH-ILN-00003,18.622608,120.854026
PH-ABR-00147,17.310623,120.692685
PH-ISA-00206,16.991973,121.745989
PH-ILS-00088,17.6280778,120.3884583
PH-ILS-00157,17.233402,120.4789
PH-ILS-00152,17.27314,120.525491
PH-ILS-00148,17.308867,120.509546
PH-ILS-00164,17.179996,120.474606
PH-ILS-00131,17.439336,120.531436
PH-ILS-00176,17.130813,120.684348
PH-ILS-00156,17.234457,120.575567
PH-ILS-00208,16.98948,120.51746
PH-ILS-00202,17.005377,120.455622
PH-MAD-02060,13.397162,122.109502
PH-QUE-02008,13.688367,122.170617
PH-QUE-01295,14.716705,121.937139
PH-QUE-02071,13.325852,122.677646
,,
PH-MAS-02166,123.948339,12.098313
PH-ALB-03233,13.107694,123.746458
PH-SOR-03235,12.650513,124.10616
PH-CAT-01946,13.98669167,124.1384167
PH-MAS-02115,13.12844722,122.9789333
PH-QUE-01932,14.100932,122.01517
PH-MAD-02046,13.476098,121.859799
PH-MAD-02039,13.519855,121.867004
PH-MAD-02074,13.319217,122.0864
PH-ALB-02098,13.189936,124.128705
PH-MAS-02140,12.89861667,123.2333167
PH-MAS-02154,12.64207222,123.6663806
PH-MAS-02157,12.564835,123.737282
PH-MAS-02158,12.486321,123.751395
PH-MAS-02634,12.419657,123.778664
PH-MAS-02167,123.980177,12.062817
PH-MAD-02061,13.38529,121.826001
PH-QUE-01941,14.007195,122.18159
PH-MAS-02169,12.000958,123.989732
PH-MAS-02161,12.221381,123.288882
PH-MAS-02170,11.933959,123.766468
PH-MAS-02168,12.039048,123.191551
PH-MAS-02164,123.920589,12.142632
PH-MAS-02159,12.472907,123.495928
PH-CAT-01961,13.94972778,124.2825806
PH-CAT-01998,13.772674,124.381877
PH-CAT-02013,13.659922,124.371731
PH-CAT-02608,13.64041,124.30183
PH-QUE-01346,14.696207,121.721752
PH-QUE-01138,14.84224,121.971218
PH-MAD-02055,13.43878,121.817267
PH-QUE-03181,13.52483333,122.4030833
PH-QUE-01225,14.757643,121.617204
PH-QUE-03195,14.711781,121.621328
PH-QUE-02519,13.671545,122.222527
PH-MAS-02160,123.558833,12.30665
PH-MAS-02163,123.854207,12.184905
PH-MAS-02171,124.043608,11.881656
PH-MAS-02173,124.042033,11.739167
PH-MAS-02172,11.87101667,123.9194
PH-CAT-01975,13.905845,124.302699
PH-BTG-03163,14.08337,121.06626
PH-MAD-02050,13.461656,122.058203
PH-CAT-02226,13.88660556,124.1434361
PH-ZMB-00863,15.120864,120.061394
PH-ZMB-01002,14.949854,120.060957
PH-BUL-01038,14.91702,121.045823
PH-BUL-00949,15.000857,120.930616
PH-ILS-00063,17.825155,120.459237
PH-PAN-00539,15.90193333,120.7045333
PH-PAM-00929,15.02518333,120.57175
PH-PAM-01024,14.931358,120.498923
PH-ABR-03216,17.604202,120.743967
PH-ILS-00068,17.746305,120.452845
PH-ILS-00150,17.292443,120.441319
PH-CAG-00091,17.62369,121.7659
PH-BUL-01078,14.87688333,120.9787
PH-PAM-02481,15.161291,120.610752
PH-BUL-01070,14.8831,120.8687833
PH-NUV-00296,16.62036111,121.29675
PH-PAN-03194,15.8805,120.5974722
PH-ILN-00043,18.102591,120.700405
PH-PAM-00879,15.098072,120.682522
PH-ILS-00234,16.907884,120.51012
PH-PAN-02272,16.184923,119.929654
PH-ILS-00174,17.142852,120.617311
PH-PAN-00338,16.40272222,119.9280556
PH-NUE-00644,15.589638,121.118999
PH-PAM-00829,15.16151667,120.5826333
PH-BEN-00252,16.837358,120.701008
PH-CAG-00107,17.57108,121.774442
PH-LUN-00348,16.36591944,120.3548722
PH-KAL-00153,17.272338,121.270205
PH-LUN-00266,16.75167,120.339405
PH-LUN-00345,16.38463,120.393789
PH-LUN-02517,16.50553333,120.39345
PH-TAR-00742,15.371636,120.655837
PH-MOU-00184,17.09475,120.85381
PH-MOU-03217,17.092514,121.2859
PH-MOU-00168,17.162523,121.378392
PH-MOU-00204,17.00268333,120.9314667
PH-MOU-02462,17.173052,121.039614
PH-NUE-00678,15.52435,121.05567
PH-TAR-00724,15.453488,120.404548
PH-NUE-03202,15.500861,120.965384
PH-CAG-00002,121.866489,18.923263
PH-NUE-00794,15.224605,120.833536
PH-ILS-00251,16.839261,120.520562
PH-NUE-00630,15.616548,120.99682
PH-PAN-00557,15.8555745,120.6591618
PH-NUE-00684,15.511551,121.287292
PH-NUE-00723,15.455248,121.339277
PH-NUE-00781,15.274659,120.948652
PH-ALB-02559,13.289832,123.51795
PH-PAN-00552,15.878491,120.434463
PH-BUL-01032,14.925287,120.766014
PH-PAN-00364,16.311008,119.897979
PH-PAN-02185,15.914911,120.769146
PH-NUE-02671,15.660779,120.814411
PH-NUE-00650,15.582082,121.223161
PH-IFU-00290,16.66137,121.16605
PH-NUV-00367,121.0329167,16.30372222
PH-TAR-02482,15.484108,120.680317
PH-TAR-02711,15.591872,120.636732
PH-NCR-02553,14.64284,121.10027
PH-RIZ-02186,14.72826,121.15731
PH-NCR-01469,14.659057,120.945747
PH-NCR-01587,14.623405,121.030718
PH-QUE-01018,14.935259,121.826095
PH-QUE-01226,14.757414,122.216278
PH-QUE-01342,14.697059,122.329991
PH-PAM-02273,15.248112,120.567891
PH-ABR-02274,17.521728,120.51862
PH-NUV-00313,16.529924,121.026167
PH-TAR-00597,15.69849014,120.6067734
PH-NCR-01285,14.721019,121.103545
PH-RIZ-01394,14.6816,121.11752
PH-RIZ-01873,14.49776,121.28584
PH-NCR-01203,14.77005,121.05668
PH-NCR-01193,14.78035,121.03515
PH-NCR-02400,14.752888,121.053444
PH-CAG-00062,17.831959,121.411067
PH-BUL-00971,14.977313,120.882002
PH-PAN-00571,15.809328,120.477841
PH-PAN-00492,15.976534,120.536546
PH-PAN-00550,15.882878,120.628484
PH-NCR-01343,14.69697,121.025752
PH-PAN-00463,16.009657,120.287581
PH-TAR-02376,15.29448333,120.54845
PH-TAR-00623,15.637808,120.409722
PH-TAR-00591,15.716052,120.423555
PH-TAR-00756,15.35215,120.45655
PH-TAR-00747,15.3666,120.562347
PH-TAR-00754,15.35667,120.711471
PH-TAR-00737,15.397631,120.702585
PH-PAN-02374,15.865488,120.325699
PH-APA-00050,18.01444,121.185514
PH-IFU-00249,16.846333,121.107136
PH-ZMB-01121,14.851484,120.286914
PH-IFU-00263,16.764954,121.144359
PH-ISA-00228,16.913433,121.625813
PH-ILS-00161,17.193371,120.451599
PH-TAR-00586,15.744639,120.439874
PH-BEN-00344,16.3886,120.5633167
PH-ILN-00025,18.234161,120.574408
PH-NUE-00606,15.678597,121.084512
PH-NUE-00666,15.549745,120.934292
PH-NUV-00377,16.244838,120.995107
PH-NUV-00336,16.414456,121.109055
PH-ILN-00026,18.228627,120.606911
PH-NUE-00693,15.499971,121.008554
PH-TAR-00574,15.797446,120.613165
PH-PAM-01011,14.94063333,120.7370667
PH-NUV-03203,15.800206,121.310296
PH-PAM-00803,15.203791,120.810721
PH-PAM-00816,15.173757,120.795862
PH-ILN-00007,18.550055,120.932527
PH-PAM-01003,14.949253,120.566614
PH-PAN-00453,16.021119,120.33751
PH-ABR-00095,17.614711,120.657189
PH-PAM-02550,15.032707,120.514535
PH-PAM-00912,15.04948333,120.5508833
PH-CAG-00053,17.929452,121.772214
PH-PAN-00516,15.942887,120.442745
PH-PAM-00918,15.040666,120.711803
PH-PAM-00947,15.00823333,120.5682
PH-PAM-00987,14.967145,120.683186
PH-PAN-00388,16.18955,120.0050667
PH-PAN-02690,16.35025,119.8461833
PH-PAN-00470,16.00128889,120.2436667
PH-BAN-01425,14.67055,120.5023
PH-BUL-00988,14.96651667,120.99365
PH-BUL-01262,14.73085,120.9221833
PH-PAN-00460,16.013204,120.521251
PH-BUL-02583,14.8531,120.9755833
PH-CAG-00073,17.688578,121.591334
PH-NUV-00312,16.53125,121.2271389
PH-BEN-00293,16.643136,120.769016
PH-BUL-01184,14.799885,120.950832
PH-BUL-01019,14.935041,120.842326
PH-BUL-01008,14.94141667,120.8880333
PH-TAR-00645,15.588586,120.487951
PH-BUL-01104,14.86035,120.7360833
PH-NCR-02223,14.5853,121.0584
PH-NCR-02557,14.597272,120.99729
PH-PAM-02401,15.143871,120.596717
PH-PAM-00940,15.01723,120.667685
PH-LUN-00257,16.812641,120.344524
PH-PAM-00891,15.079105,120.645583
PH-PAM-01014,14.938465,120.545665
PH-ZMB-01037,14.917542,120.2302
PH-AUR-00386,16.194131,122.054141
PH-RIZ-01868,14.506104,121.200776
PH-NCR-01445,14.66590278,121.0259806
PH-NCR-01814,14.563726,120.999234
PH-NCR-02391,14.521105,121.0612
PH-NCR-02641,14.505991,121.060532
PH-NCR-01875,14.493641,121.049473
PH-NCR-01441,14.6671897,121.0430844
PH-NCR-01724,14.59056,121.0572
PH-NCR-01265,14.729792,121.053179
PH-NCR-01287,14.720276,121.027336
PH-NCR-01293,14.717312,121.046077
PH-NCR-01298,14.71626,121.06114
PH-NCR-01356,14.692242,121.028721
PH-NCR-01357,14.692213,121.042581
PH-NCR-01416,14.672846,121.0199
PH-NCR-01510,14.646066,120.994402
PH-NCR-01546,14.634687,121.034808
PH-BUL-01200,14.776171,121.071952
PH-NCR-01212,14.76612,121.05933
PH-NCR-01395,14.681381,121.002258
PH-NCR-01552,14.632409,120.968273
PH-NCR-01353,14.69275,120.96396
PH-NCR-01315,14.7077,121.0015
PH-RIZ-01414,14.67381,121.12486
PH-NCR-02420,14.666238,121.127624
PH-NCR-01582,14.62415,121.09413
PH-NCR-01737,14.587699,121.052061
PH-NCR-01728,14.589883,121.046549
PH-NCR-01745,14.58525,121.0553472
PH-CAS-03180,13.42803333,123.4178167
PH-CAT-02463,13.57528333,124.2101
PH-QUE-02698,13.931555,121.612861
PH-CAT-02024,13.600564,124.298182
PH-QUE-03196,13.92105,122.1079333
PH-BTG-03209,13.94963333,120.6306167
PH-CAS-02007,13.695467,123.06015
PH-BTG-03230,13.770303,120.92765
PH-QUE-02695,13.88715,122.262317
PH-PAN-03226,15.81263333,120.4436833
PH-PAN-00397,16.16571667,120.5221333
PH-ILS-00065,17.78995,120.4555833
PH-ILN-00049,18.05526667,120.5557667
PH-ISA-00214,16.963523,121.826409
PH-PAN-00541,15.898399,120.59117
PH-BEN-00335,16.41473333,120.5826333
PH-ISA-00178,17.127884,121.720537
PH-BEN-00333,16.41711667,120.6254833
PH-ISA-00240,16.87818333,121.5913667
PH-CAG-00015,18.340136,121.647915
PH-CAG-00097,17.61381667,121.7280833
PH-PAN-00407,16.10996667,120.5397667
PH-PAN-00403,16.1211,120.4056
PH-PAN-00346,16.3802,119.8939167
PH-LUN-00381,16.23223333,120.4860167
PH-LUN-00341,16.39716667,120.34375
PH-LUN-00279,16.69769444,120.3435278
PH-LUN-00260,16.79986389,120.4219333
PH-ILN-00032,18.19512,120.59532
PH-BEN-03191,16.404418,120.585669
PH-ILN-00019,18.270309,120.61759
PH-BEN-02576,16.41793333,120.59745
PH-CAG-00086,17.62846667,121.7857167
PH-CAG-00048,18.056046,121.643367
PH-IFU-02609,16.78096667,121.1159833
PH-PAN-00469,16.001327,120.404622
PH-PAN-00433,16.0451,120.3398833
PH-PAN-00440,16.02993333,120.7461
PH-ILN-00054,17.913643,120.465562
PH-CAG-00011,18.4614,122.1422
PH-ILN-00005,18.5791,120.7852
PH-ILS-00188,17.08156667,120.448
PH-LUN-00379,16.23706667,120.4075
PH-PAN-00392,16.172564,119.861991
PH-PAN-00511,15.951211,120.221553
PH-PAN-00540,15.89848333,120.63295
PH-ISA-00262,16.78143333,121.6946167
PH-ISA-00180,17.1198,121.6224833
PH-NUV-00294,16.64058333,121.3923889
PH-NCR-01762,14.581239,121.060264
PH-CEB-03146,10.37141907,123.9626858
PH-CEB-03231,10.38320608,123.916413
PH-BOH-03213,10.05693333,124.4709333
PH-CEB-03147,10.118377,123.510453
PH-NCR-02249,14.603447,121.080336
PH-NCR-02422,14.594774,121.024763
PH-NCR-01708,14.59771,120.97662
PH-NCR-01252,14.7358,121.065
PH-NCR-01504,14.64915,121.10487
PH-NCR-01549,14.63322,121.08302
PH-NCR-01371,14.689001,120.9383
PH-NCR-01600,14.620875,120.970731
PH-NCR-02471,14.643901,120.983953
PH-RIZ-01325,14.70406,121.12859
PH-RIZ-01681,14.6031,121.10653
PH-NCR-01305,14.7125024,121.0338934
PH-NCR-01275,14.72499,120.98437
PH-RIZ-01264,14.73031,121.14412
PH-NCR-02215,14.71031667,120.9514667
PH-NCR-01488,14.653307,121.043748
PH-NCR-01533,14.638959,121.054167
PH-NCR-02650,14.61609,121.08387
PH-RIZ-02457,14.51746,121.16322
PH-RIZ-02202,14.54012,121.1921
PH-RIZ-01801,14.57015,121.2021
PH-RIZ-01808,14.56629,121.18304
PH-RIZ-01716,14.59476,121.17005
PH-RIZ-01564,14.63057,121.1381
PH-RIZ-01491,14.65241,121.14569
PH-RIZ-01532,14.63944,121.13711
PH-RIZ-01588,14.62285,121.18943
PH-RIZ-01622,14.61647,121.18274
PH-RIZ-02707,14.499411,121.188309
PH-RIZ-01894,14.47134,121.19133
PH-RIZ-02195,14.60166,121.12415
PH-RIZ-01574,14.62726,121.10705
PH-RIZ-01884,14.48235,121.2136
PH-RIZ-01913,14.29251,121.30828
PH-NCR-02243,14.66763,121.10776
PH-NCR-02450,14.65122,121.11078
PH-RIZ-01854,14.526686,121.23322
PH-RIZ-01852,14.52816,121.24923
PH-RIZ-01888,14.48054,121.30618
PH-RIZ-02411,14.71286,121.1448
PH-RIZ-01256,14.73369,121.13829
PH-RIZ-01241,14.7421,121.13147
PH-RIZ-01327,14.70214,121.13736
PH-RIZ-01818,14.56083,121.3698
PH-RIZ-01776,14.57818,121.34059
PH-RIZ-01815,14.56361,121.15165
PH-RIZ-01820,14.55955,121.2098
PH-NCR-01435,14.66866,120.99523
PH-NCR-02642,14.685717,120.952936
PH-NCR-01331,14.701666,120.96
PH-NCR-01466,14.6611343,121.0728329
PH-NCR-01707,14.597737,120.989334
PH-RIZ-01232,14.74973,121.12666
PH-NCR-01470,14.658456,120.969081
PH-NCR-02366,14.601818,120.965485
PH-NCR-01821,14.55865,121.09538
PH-NCR-01571,14.628199,121.06945
PH-NCR-03237,14.70225,120.9660833
PH-NCR-02643,14.675195,121.013793
PH-NCR-01768,14.579707,120.9867
PH-NCR-02552,14.599779,121.01427
PH-NCR-01289,14.719046,121.009391
PH-NCR-01471,14.65831,121.026189
PH-NCR-02323,14.697139,121.020751
PH-NCR-02460,14.526565,121.05627
PH-NCR-02333,14.6668,121.111194
PH-NCR-02663,14.543265,121.0608
PH-RIZ-01610,14.61811,121.17138
PH-NCR-01430,14.669669,121.009755
PH-NCR-01722,14.591746,121.010991
PH-RIZ-01806,14.567182,121.173188
PH-NCR-03028,14.583678,121.013108
PH-NCR-03068,14.610359,120.965557
PH-NCR-01692,14.601309,121.006346
PH-RIZ-01738,14.58769,121.11975
PH-RIZ-01844,14.53757,121.15417
PH-NCR-01648,14.609514,120.96898
PH-NCR-01775,14.578556,121.009641
PH-NCR-01621,14.61652,120.97979
PH-NCR-01729,14.589859,120.993965
PH-NCR-01244,14.74079,121.02468
PH-NCR-01702,14.5995,121.0181
PH-NCR-02350,14.565123,121.081426
PH-NCR-01485,14.653827,120.960889
PH-NCR-02283,14.739201,120.984014
PH-NCR-02284,14.650259,120.969779
PH-NCR-02285,14.657015,120.965586
PH-NCR-02286,14.758851,121.0802
PH-NCR-01332,14.701015,120.999031
PH-NCR-02977,14.707098,120.985199
PH-NCR-01341,14.697402,121.097561
PH-NCR-02346,14.674659,121.033327
PH-RIZ-01638,14.612416,121.157234
PH-RIZ-02287,14.56766,121.16534
PH-NCR-02363,14.713856,120.999224
PH-NCR-02667,14.65948,121.05015
PH-NCR-01637,14.61256667,121.016175
PH-NCR-01367,14.6899635,121.0412018
PH-NCR-01350,14.6942403,121.0431061
PH-NCR-01444,14.66602,121.1025
PH-NCR-01461,14.6623,121.11556
PH-NCR-01398,14.679272,120.987877
PH-NCR-01553,14.63234,121.09511
PH-NCR-01301,14.7140658,121.0610228
PH-RIZ-01556,14.63209,121.11447
PH-NCR-01418,14.67272,120.93656
PH-RIZ-01825,14.55636,121.1482
PH-BUL-01348,14.69558,120.94984
PH-NCR-03067,14.605018,120.96458
PH-NCR-01408,14.676394,120.971894
PH-NCR-03056,120.9633676,14.61593377
PH-NCR-01209,14.766804,121.067221
PH-RIZ-01725,14.59043,121.18962
PH-NCR-01223,14.757888,121.056467
PH-NCR-01447,14.665257,120.972517
PH-NCR-03000,121.070014,14.510869
PH-NCR-03001,14.688934,120.98812
PH-NCR-01446,14.665896,120.998375
PH-BUL-01338,14.698378,120.948141
PH-BUL-01329,14.701819,120.943452
PH-NCR-01411,14.674645,120.950807
PH-NCR-01247,14.7396,120.98942
PH-NCR-01245,14.7404091,121.0633324
PH-NCR-01378,14.68609,120.96414
PH-NCR-01216,14.764481,121.041199
PH-NCR-01448,14.66511,120.95804
PH-NCR-02288,14.707962,121.01459
PH-NCR-02351,14.625893,121.06714
PH-NCR-01406,14.67716,120.96642
PH-NCR-01205,14.76939,121.03338
PH-RIZ-01228,14.75584,121.14923
PH-NCR-02665,14.56301,121.003202
PH-NCR-02666,14.575926,121.014658
PH-NCR-02649,14.56464,121.00681
PH-NCR-01534,14.638955,121.123794
PH-NCR-02437,14.6456,121.11332
PH-NCR-01267,14.72903,121.0652
PH-RIZ-01405,14.67765,121.11131
PH-NCR-02441,14.585698,121.005963
PH-NCR-01426,14.6704709,121.0692169
PH-NCR-01590,14.62244,121.066565
PH-NCR-02657,14.5642,121.048
PH-NCR-03227,14.572776,121.025434
PH-NCR-02651,14.559257,121.050901
PH-RIZ-02461,14.53784,121.10853
PH-NCR-02647,14.588366,121.039757
PH-NCR-01468,14.66018333,120.95675
PH-NCR-03436,14.579444,121.035783
PH-NCR-03069,120.97931,14.63498
PH-NCR-03061,14.614134,120.972396
PH-NCR-03060,14.63642,120.98181
PH-NCR-03047,14.612449,120.966849
PH-NCR-03029,14.611583,120.971896
PH-NCR-03035,14.60723378,120.9637857
PH-NCR-03071,14.58243374,121.0055741
PH-NCR-03266,14.585125,121.029744
PH-NCR-01639,14.612323,121.008543
PH-NCR-03045,120.963217,14.612488
PH-NCR-01576,14.626669,120.970086
PH-NCR-01502,14.6498714,121.0082771
PH-NCR-01558,14.631854,121.021524
PH-NCR-01786,14.57553,121.07937
PH-NCR-01366,14.690066,121.082481
PH-NCR-01233,14.749502,121.037188
PH-NCR-01641,14.61161,120.975343
PH-NCR-01420,14.672708,120.968636
PH-RIZ-02704,14.49921,121.17587
PH-NCR-01309,14.71104,121.04193
PH-NCR-02379,14.59753,121.05623
PH-NCR-01310,14.710909,120.959452
PH-NCR-01458,14.6628,121.10297
PH-NCR-01490,14.652764,121.023331
PH-NCR-01477,14.6564914,121.0118014
PH-RIZ-02536,14.48993,121.19188
PH-NCR-01583,14.624122,121.057715
PH-NCR-01270,14.726273,121.113915
PH-RIZ-01659,14.60681,121.19807
PH-NCR-01335,14.699983,120.975762
PH-NCR-01218,14.76298,121.04423
PH-NCR-01694,14.60065,120.9690194
PH-NCR-01671,14.604329,121.022002
PH-NCR-01280,14.722282,121.053666
PH-RIZ-02402,14.52391,121.14826
PH-NCR-01271,14.726022,121.041174
PH-NCR-01675,14.603778,121.004146
PH-NCR-01749,14.584767,120.991155
PH-NCR-01522,14.642968,121.0541
PH-NCR-01746,14.585183,121.017303
PH-NCR-01698,14.60005283,120.9703064
PH-NCR-01608,14.618572,121.043676
PH-RIZ-02523,14.603502,121.185463
PH-NCR-01595,14.621452,121.010115
PH-NCR-01263,14.73038,121.044847
PH-NCR-01508,14.647037,120.960564
PH-NCR-01480,14.65539,120.969463
PH-NCR-01589,14.622496,121.043231
PH-RIZ-01829,14.54668,121.36547
PH-NCR-02505,14.5916339,121.0609443
PH-NCR-01555,14.63221,121.07892
PH-NCR-01562,14.63076,120.99408
PH-NCR-02656,14.596131,121.093476
PH-NCR-01387,14.683177,121.04687
PH-NCR-01667,14.604874,121.020873
PH-NCR-01541,14.636772,121.015591
PH-NCR-01811,14.564885,120.985325
PH-NCR-01438,14.66799,121.057325
PH-NCR-01423,14.670704,120.987628
PH-NCR-01258,14.731814,120.994198
PH-NCR-01701,14.599519,121.021507
PH-NCR-01756,14.58301067,121.0023117
PH-NCR-01361,14.691898,120.952586
PH-NCR-02511,14.510745,121.050042
PH-NCR-01565,14.630541,121.088502
PH-NCR-01603,14.620307,120.995851
PH-NCR-01850,14.529118,121.069521
PH-NCR-01672,14.604081,120.990671
PH-NCR-02423,14.512727,121.038392
PH-NCR-02532,14.654057,121.002078
PH-NCR-01837,14.542201,121.070235
PH-NCR-01518,14.64391,120.96785
PH-NCR-01736,14.588065,121.029261
PH-NCR-01789,14.574865,120.995701
PH-NCR-01292,14.7174917,121.0181833
PH-NCR-01599,14.620987,121.0628
PH-NCR-01282,14.721501,121.030574
PH-NCR-02362,14.760165,121.086686
PH-NCR-01542,14.63578,120.96222
PH-NCR-01703,14.59945,120.972411
PH-NCR-03204,14.622998,121.01729
PH-RIZ-01847,14.53295,121.14713
PH-NCR-01670,14.604396,121.008434
PH-NCR-01865,14.50916,121.06237
PH-RIZ-01902,14.43795,121.33539
PH-RIZ-01851,14.52896,121.254
PH-RIZ-02483,14.44835,121.20498
PH-RIZ-01891,14.47488,121.20543
PH-RIZ-02403,14.50724,121.18633
PH-RIZ-01907,14.36381,121.2209
PH-RIZ-01885,14.48115,121.22407
PH-RIZ-01867,14.50613,121.235
PH-RIZ-01826,14.5503,121.22117
PH-RIZ-01900,14.45004,121.33069
PH-RIZ-02526,14.49916,121.29452
PH-RIZ-01627,14.61536,121.19136
PH-RIZ-01365,14.6908,121.12854
PH-RIZ-01354,14.6926,121.1157
PH-RIZ-01291,14.71786,121.13844
PH-RIZ-01410,14.67552,121.12868
PH-RIZ-01465,14.661223,121.147693
PH-RIZ-02513,14.59313,121.14359
PH-NCR-03187,14.565833,121.027777
PH-NCR-01302,14.71377049,121.0210446
PH-NCR-01296,14.71668,121.02932
PH-NCR-02542,14.70481,121.07626
PH-NCR-02404,14.631158,121.002751
PH-NCR-01633,14.61326,121.01788
PH-NCR-01643,14.610493,121.004823
PH-NCR-01644,14.610204,120.985554
PH-NCR-01573,14.627692,120.984829
PH-NCR-03189,14.5499,121.00838
PH-NCR-02442,14.541393,121.088351
PH-NCR-01433,14.668963,120.975216
PH-NCR-02436,14.673452,121.055784
PH-NCR-02655,14.457,120.9991
PH-NCR-01879,14.489311,121.047093
PH-NCR-01784,14.57561,121.03456
PH-NCR-01695,14.600542,120.988465
PH-RIZ-01747,14.58492,121.2019
PH-RIZ-01713,14.59558,121.111
PH-RIZ-01253,14.735263,121.156341
PH-NCR-01393,14.681731,120.985963
PH-NCR-01333,14.70099,121.025261
PH-RIZ-01422,14.67096,121.13468
PH-NCR-01706,14.59793,120.9706
PH-NCR-01864,14.511086,121.055281
PH-RIZ-01908,14.35129,121.3253
PH-RIZ-01870,14.50536,121.2912
PH-RIZ-01856,14.52438,121.14435
PH-RIZ-01876,14.49169,121.28201
PH-RIZ-02244,14.57455,121.177033
PH-NCR-02177,14.477819,121.057763
PH-NCR-01376,14.68678,120.99063
PH-NCR-02443,14.728091,121.029523
PH-NCR-01788,14.575146,121.094811
PH-NCR-01260,14.73142,121.028444
PH-NCR-01744,14.585649,121.010391
PH-NCR-01849,14.52975248,121.0894218
PH-NCR-01785,14.57554,121.04713
PH-NCR-01767,14.579945,120.995285
PH-RIZ-01882,14.48518,121.2327
PH-RIZ-01901,14.44169,121.2063
PH-RIZ-01831,14.54582,121.14217
PH-NCR-02639,14.70364,121.04306
PH-NCR-01493,14.65225,121.12096
PH-NCR-01834,14.545152,121.077441
PH-NCR-01679,14.60315,121.04563
PH-NCR-02444,14.676199,121.023728
PH-NCR-01421,14.671743,121.011297
PH-NCR-01525,14.64228003,121.0226299
PH-NCR-01561,14.630774,121.065137
PH-NCR-01592,14.62220004,121.0119599
PH-NCR-01800,14.57056,121.00622
PH-NCR-01763,14.58123,121.01582
PH-NCR-01624,14.615652,121.002311
PH-NCR-01362,14.69167,121.08147
PH-NCR-01766,14.580714,121.007197
PH-NCR-01816,14.5621,120.99637
PH-NCR-02555,14.609683,120.993579
PH-BUL-01224,14.75782,120.99287
PH-NCR-01645,14.61014657,121.0243139
PH-NCR-01230,14.751475,121.084418
PH-NCR-01822,14.558553,121.087298
PH-NCR-01630,14.61414,121.06006
PH-NCR-02405,14.633965,120.964523
PH-NCR-01734,14.588807,120.997075
PH-NCR-01507,14.64783,121.02805
PH-NCR-01560,14.63121998,120.9981802
PH-NCR-02245,14.62592,121.00179
PH-NCR-01535,14.63877004,121.0406101
PH-NCR-02206,14.68464091,121.0504476
PH-NCR-01324,14.70415,121.06123
PH-RIZ-01859,14.51906,121.27124
PH-RIZ-01840,14.54161,121.21546
PH-NCR-01660,14.60653,120.99991
PH-NCR-02459,14.655962,120.992484
PH-NCR-02648,14.572706,121.012995
PH-RIZ-01591,14.62235,121.1112
PH-NCR-02645,14.625201,121.102012
PH-NCR-01665,14.605713,120.962657
PH-RIZ-01906,14.39872,121.22373
PH-RIZ-01835,14.54353,121.11836
PH-NCR-01647,14.609676,121.042706
PH-RIZ-01743,14.58606,121.17345
PH-NCR-01450,14.66447,120.95161
PH-NCR-01452,14.66407,120.96994
PH-NCR-01750,14.584703,121.025426
PH-RIZ-01748,14.58491,121.22779
PH-RIZ-01727,14.5899,121.24009
PH-RIZ-02535,14.556531,121.240738
PH-RIZ-01651,14.608964,121.260886
PH-RIZ-02506,14.52341,121.33337
PH-RIZ-03222,14.56877,121.41948
PH-RIZ-02705,14.76062,121.16033
PH-RIZ-01229,14.7522,121.15749
PH-RIZ-02484,14.750064,121.141136
PH-RIZ-02703,14.74489,121.15723
PH-RIZ-02706,14.4572,121.3709
PH-NCR-02662,14.700601,121.111797
PH-NCR-01347,14.695877,121.052482
PH-NCR-02541,14.69,121.07
PH-NCR-01390,14.682372,121.078077
PH-NCR-01661,14.606482,121.084259
PH-NCR-01246,14.73995,121.05473
PH-NCR-01520,14.6437,121.0207
PH-NCR-02533,14.725387,121.06099
PH-NCR-01424,14.67061,121.01703
PH-NCR-01453,14.663952,121.022668
PH-NCR-02653,14.7049,121.0977
PH-NCR-01308,14.711616,121.11207
PH-NCR-01243,14.740892,121.04654
PH-NCR-01261,14.731379,121.039294
PH-NCR-02205,14.738482,121.057984
PH-NCR-01242,14.741512,121.03906
PH-NCR-01210,14.76635,121.0276833
PH-NCR-01396,14.680899,121.08055
PH-NCR-01451,14.66435,121.03175
PH-NCR-01498,14.650953,121.016595
PH-NCR-01550,14.632649,121.059658
PH-NCR-01668,14.60486,120.9987
PH-NCR-02386,14.601468,120.991193
PH-NCR-02664,14.684622,121.09
PH-NCR-01551,14.632517,121.027916
PH-NCR-01443,14.666138,121.072538
PH-NCR-01269,14.726349,121.048542
PH-NCR-01693,14.601208,120.982704
PH-NCR-02658,14.701242,121.096172
PH-NCR-01678,14.603173,120.985326
PH-NCR-01449,14.664746,121.068406
PH-NCR-03236,14.60352,121.0503
PH-NCR-03214,14.554378,121.021993
PH-NCR-02660,14.549603,121.057902
PH-NCR-01657,14.607055,120.993501
PH-NCR-02527,14.612793,120.994922
PH-NCR-01684,14.60281,120.995654
PH-NCR-01714,14.59491,120.97717
PH-NCR-01530,14.639869,121.074281
PH-NCR-01288,14.719401,121.049789
PH-NCR-01432,14.669621,121.028164
PH-NCR-01732,14.589017,121.035253
PH-NCR-01484,14.654341,121.01057
PH-NCR-01464,14.661463,121.015016
PH-NCR-01719,14.592251,121.003495
PH-NCR-01777,14.578014,121.039798
PH-NCR-01457,14.663177,121.109031
PH-NCR-01473,14.65717,121.12595
PH-NCR-01268,14.727826,121.01116
PH-NCR-01311,14.7109,120.9958
PH-NCR-01401,14.678055,120.936388
PH-NCR-01328,14.70191,121.052053
PH-NCR-01792,14.57339,121.04005
PH-NCR-01754,14.583437,121.027989
PH-NCR-01723,14.59074,121.026487
PH-NCR-01721,14.592037,121.018103
PH-NCR-02375,14.57707,121.03513
PH-NCR-02445,14.627756,121.025655
PH-NCR-01634,14.613106,121.024828
PH-NCR-01419,14.672713,121.063179
PH-NCR-01570,14.628493,120.980818
PH-NCR-01710,14.596734,121.080416
PH-NCR-02377,14.6370189,121.0587454
PH-NCR-02636,14.626321,120.962133
PH-NCR-01662,14.606363,120.988563
PH-NCR-01677,14.6035,120.99179
PH-NCR-01779,14.577009,120.988301
PH-NCR-02646,14.628077,121.028626
PH-NCR-01486,14.653619,121.029332
PH-NCR-01544,14.635153,121.074025
PH-NCR-01782,14.575948,120.991682
PH-NCR-01774,14.578621,121.005733
PH-NCR-01803,14.569201,120.9915
PH-NCR-01640,14.612221,120.98283
PH-NCR-01686,14.602483,121.004101
PH-NCR-01793,14.57325,120.98679
PH-NCR-01764,14.581189,120.987798
PH-NCR-02395,14.709539,121.08637
PH-NCR-01676,14.60364,120.98071
PH-NCR-02213,14.612479,120.969815
PH-NCR-01578,14.62522,121.01713
PH-NCR-01609,14.618527,121.000028
PH-NCR-01463,14.6618,120.95088
PH-NCR-01581,14.62459,121.09536
PH-NCR-02204,14.62747,121.104254
PH-NCR-01474,14.65678,121.13273
PH-NCR-01312,14.71081,120.98025
PH-NCR-02465,14.69108,120.970207
PH-NCR-01330,14.70174,121.01404
PH-NCR-01515,14.64475,120.9706
PH-NCR-01529,14.6399533,120.9991017
PH-NCR-02659,14.628444,121.056722
PH-NCR-01439,14.667583,121.004275
PH-NCR-01628,14.614217,121.011725
PH-NCR-01368,14.68983333,121.0528806
PH-NCR-01284,14.72118,120.94443
PH-NCR-01306,14.712319,120.985817
PH-NCR-02644,14.736725,121.049399
PH-NCR-01352,14.692867,121.003598
PH-NCR-02424,14.716719,121.032259
PH-NCR-02406,14.678567,121.026743
PH-NCR-01273,14.725454,120.998273
PH-RIZ-01548,14.63323,121.10664
PH-RIZ-01705,14.598,121.1909
PH-NCR-01320,14.7063,121.0717
PH-NCR-01566,14.629889,121.019592
PH-NCR-01598,14.62113,120.99039
PH-NCR-01344,14.696876,121.003232
PH-NCR-01429,14.669722,120.982222
PH-NCR-01615,14.617509,120.965919
PH-NCR-01519,14.64379,121.09588
PH-NCR-01669,14.604694,121.01397
PH-NCR-01511,14.64579,121.10084
PH-NCR-01514,14.64492,121.1274
PH-NCR-01613,14.617919,121.06923
PH-NCR-02407,14.63579,121.08923
PH-NCR-01496,14.65158,121.11926
PH-NCR-02475,14.70837,120.94751
PH-NCR-01593,14.62193167,120.997275
PH-NCR-01751,14.58456,121.04941
PH-NCR-01500,14.650112,120.973019
PH-NCR-01388,14.6829936,121.0406544
PH-NCR-01381,14.685558,121.035908
PH-NCR-01481,14.65478,121.01797
PH-NCR-01597,14.6212,120.98201
PH-NCR-01557,14.63203,120.97339
PH-NCR-02546,14.614136,120.975013
PH-NCR-01359,14.69206,121.007216
PH-NCR-01509,14.64672,120.97865
PH-NCR-02551,14.6263,120.9919
PH-NCR-01688,14.602343,121.027139
PH-NCR-01691,14.60166,121.03132
PH-NCR-01690,14.60182,121.03897
PH-NCR-01402,14.677907,121.034686
PH-NCR-01369,14.6896878,121.022274
PH-NCR-02652,14.4025,121.034
PH-NCR-01521,14.643201,121.121878
PH-NCR-01317,14.7070933,121.0536467
PH-NCR-01238,14.74424,121.066
PH-NCR-01417,14.67274,121.00574
PH-NCR-01386,14.68367,121.025746
PH-RIZ-01846,14.53476,121.25408
PH-NCR-01407,14.67646,120.98945
PH-NCR-01360,14.69192,120.99568
PH-NCR-01400,14.6788,121.017536
PH-NCR-01389,14.68262,120.9971
PH-RIZ-01839,14.54188,121.14614
PH-RIZ-01753,14.58354,121.17562
PH-RIZ-01735,14.58879,121.17757
PH-RIZ-01601,14.62076,121.13583
PH-RIZ-01804,14.56861,121.1315
PH-RIZ-01896,14.46454,121.19087
PH-RIZ-01890,14.47714,121.19484
PH-RIZ-01897,14.45874,121.1985
PH-RIZ-01759,14.58236,121.11308
PH-NCR-02194,14.640525,121.015981
PH-RIZ-01802,14.56988,121.11399
PH-RIZ-01731,14.5896,121.13473
PH-RIZ-02253,14.57522,121.13011
PH-RIZ-01809,14.56577,121.12357
PH-NCR-01761,14.58191,121.03186
PH-NCR-01274,14.725366,121.02478
PH-NCR-02254,14.6418005,121.0130406
PH-NCR-01240,14.742379,121.0529645
PH-NCR-01201,14.7706,121.04585
PH-NCR-02543,14.632539,121.00098
PH-NCR-01649,14.609414,121.008531
PH-NCR-01836,14.54235,121.09712
PH-NCR-02637,14.677297,120.984489
PH-NCR-01711,14.596724,120.974402
PH-NCR-01682,14.602854,121.094496
PH-NCR-01812,14.56467,121.06548
PH-NCR-01878,14.491336,121.060082
PH-NCR-01385,14.683734,120.97202
PH-NCR-02235,14.49617,121.05672
PH-NCR-01883,14.483111,121.052167
PH-NCR-01674,14.603889,120.977474
PH-NCR-01531,14.63958,121.09934
PH-NCR-02425,14.533105,121.076844
PH-NCR-01585,14.62368,120.96326
PH-NCR-01805,14.568014,121.001463
PH-RIZ-01397,14.680647,121.128396
PH-NCR-01283,14.7214732,121.0613576
PH-NCR-01642,14.611401,120.980217
PH-NCR-02426,14.587525,121.021237
PH-NCR-02528,14.6195,120.993
PH-NCR-01195,14.77829,121.03159
PH-NCR-01503,14.64935,120.98215
PH-NCR-02446,14.641937,120.956027
PH-NCR-01434,14.668702,120.941423
PH-NCR-01482,14.65461,120.95438
PH-NCR-01501,14.64997,120.95835
PH-NCR-01358,14.69208,120.9579
PH-NCR-02654,14.539707,121.059415
PH-NCR-01663,14.606094,121.005417
PH-NCR-01412,14.67418,121.10836
PH-NCR-01718,14.59322,120.98777
PH-NCR-01456,14.66322,121.12603
PH-NCR-01476,14.65676,121.11538
PH-NCR-01505,14.64902,121.012613
PH-NCR-01717,14.593782,120.968449
PH-NCR-01773,14.578674,121.043975
PH-NCR-01222,14.757943,121.07283
PH-NCR-02638,14.595449,121.016003
PH-NCR-01889,14.48041,121.0564
PH-NCR-01830,14.546024,121.083544
PH-NCR-02356,14.505008,121.064319
PH-NCR-01611,14.61805,120.96162
PH-NCR-02191,14.738532,121.008591
PH-NCR-02529,14.588753,120.984942
PH-NCR-02408,14.6366035,121.0131158
PH-NCR-01547,14.633996,121.0495833
PH-NCR-01536,14.638403,120.980069
PH-NCR-01740,14.587197,121.002254
PH-NCR-02530,14.566932,120.985212
PH-NCR-02427,14.5811,121.01163
PH-NCR-01619,14.61667,120.98312
PH-NCR-01680,14.603125,120.974386
PH-RIZ-01783,14.57594,121.14288
PH-RIZ-01771,14.57927,121.13642
PH-NCR-01584,14.623683,121.055247
PH-NCR-01526,14.641459,121.049172
PH-NCR-01654,14.6077,121.0367389
PH-NCR-01656,14.607222,121.048333
PH-NCR-01506,14.647911,121.020223
PH-NCR-01860,14.516827,121.075028
PH-NCR-01567,14.629633,120.964414
PH-NCR-01697,14.600141,120.976711
PH-NCR-01345,14.696574,121.032211
PH-NCR-01415,14.672946,121.048787
PH-NCR-01198,14.776998,121.045707
PH-NCR-01563,14.63062222,121.0444639
PH-NCR-02255,14.471076,121.05248
PH-NCR-01880,14.489163,121.0609
PH-NCR-01833,14.545481,121.068436
PH-NCR-01842,14.540269,121.08021
PH-NCR-02233,14.537714,121.089685
PH-NCR-01872,14.499709,121.064423
PH-RIZ-01798,14.57134,121.13418
PH-NCR-01741,14.58661,121.09948
PH-RIZ-02193,14.57345,121.12681
PH-RIZ-01819,14.55988,121.13467
PH-NCR-01794,14.572463,121.004505
PH-RIZ-01742,14.58629,121.16848
PH-RIZ-03198,14.52509,121.19156
PH-RIZ-01904,14.40716,121.22959
PH-RIZ-01909,14.34736,121.21678
PH-RIZ-01899,14.45456,121.19987
PH-RIZ-01881,14.48874,121.18371
PH-NCR-01337,14.69936389,121.0849056
PH-RIZ-01700,14.59981,121.18132
PH-RIZ-02280,14.57899,121.14284
PH-PAN-00355,16.331375,119.7989444
PH-PAN-00535,15.91069444,119.8839722
PH-TAR-00602,15.685915,120.460755
PH-ZMB-01131,14.846485,120.277522
PH-TAR-00632,15.61068,120.557397
PH-ZMB-00599,15.696578,119.935482
PH-ZMB-00995,14.95646667,120.1744
PH-CAN-03192,14.182594,122.778323
PH-ZMB-00791,15.23687,120.01443
PH-TAR-00703,15.48668,120.587405
PH-NCR-03210,14.5417,121.019
PH-NUE-00725,15.452557,120.984813
PH-PAM-00997,14.956363,120.772376
PH-PAM-01020,14.934378,120.477461
PH-BEN-00282,16.692608,120.659397
PH-PAM-00813,15.17936,120.67779
PH-ILS-00117,17.542872,120.3817667
PH-ILN-00035,18.174353,120.547467
PH-CAG-00094,17.61557,121.72863
PH-ILN-00030,18.195823,120.602817
PH-PAM-00827,15.162633,120.597736
PH-BEN-00324,16.476719,120.500357
"Santa, Ilocos Sur",17.48735,120.4350167
PH-NUE-00707,15.483712,120.978844
PH-NUE-00705,15.48593,120.961326
PH-NUE-00697,15.49037,120.99034
PH-NUE-02544,15.49901,120.97656
PH-NUE-00696,15.4906,120.9774
PH-NUE-00715,15.474462,120.967028
PH-NUE-00717,15.468416,120.956486
PH-NUE-00686,15.50887,120.97202
PH-NUE-00688,15.504831,121.031592
PH-NUE-00680,15.521422,121.050856
PH-NUE-00706,15.484368,121.035389
PH-NUE-00677,15.525441,120.956164
PH-NUE-00765,15.309777,120.944126
PH-NUE-00779,15.28216,120.94637
PH-NUE-00770,15.304299,120.926892
PH-NUE-00762,15.329306,120.967333
PH-NUE-02182,15.35266,121.05302
PH-NUE-00637,15.599833,121.074705
PH-NUE-00608,15.669914,120.746377
PH-NUE-00563,15.836411,120.940508
PH-NUE-00581,15.75733,120.95483
PH-NUE-00648,15.585413,121.120489
PH-NUE-02670,15.555139,121.097583
PH-NUE-00659,15.556306,120.812553
PH-NUE-00768,15.304701,120.856159
PH-NUE-00769,15.304508,120.864893
PH-NUE-00777,15.286798,120.863802
PH-NUE-00767,15.306406,120.890294
PH-NUE-00576,15.77965,120.968789
PH-NUE-00575,15.783551,120.985517
PH-NUE-00749,15.361438,120.959199
PH-NUE-02180,15.248444,120.952667
PH-ILN-00044,18.090396,120.770454
PH-NUE-00721,15.458662,121.084642
PH-NUE-00622,15.6391,120.88836
PH-NUE-00640,15.595471,120.87963
PH-NUE-00709,15.482077,120.953192
PH-BUL-01172,14.814686,121.111492
PH-BUL-02440,14.81159,120.883601
PH-BUL-01061,14.892464,120.883947
PH-BUL-01081,14.87425,121.053031
PH-BUL-00798,15.220082,121.006686
PH-BUL-01101,14.861615,121.024216
PH-BUL-02485,14.822093,121.068467
PH-BUL-01077,14.878249,121.016415
PH-BUL-01157,14.829999,120.734918
PH-BUL-01094,14.866384,120.779307
PH-PAM-00812,15.180757,120.651989
PH-PAM-00888,15.083865,120.667181
PH-PAM-00962,14.985641,120.564677
PH-PAM-01039,14.913327,120.506531
PH-PAM-00854,15.135871,120.587915
PH-ZMB-00685,15.510711,119.970689
PH-ZMB-00957,14.989733,120.118212
PH-ZMB-01123,14.849969,120.299919
PH-ZMB-00573,15.800444,119.972426
PH-TAR-00687,15.50696,120.598828
PH-TAR-00607,15.677333,120.346942
PH-BUL-01124,14.849733,121.07001
PH-BUL-00874,15.107769,121.062051
PH-ISA-00253,16.833641,121.677415
PH-ISA-00236,16.900799,121.712753
PH-PAM-00861,15.126896,120.613306
PH-PAM-00800,15.209444,120.604361
PH-PAM-00796,15.222251,120.6186611
PH-PAN-00450,16.02291667,120.5792222
PH-PAN-02179,16.054852,120.455809
PH-PAN-02388,15.98178,120.58084
PH-TAR-00714,15.476479,120.587894
PH-TAR-00743,15.370589,120.484782
PH-TAR-00672,15.536797,120.703919
PH-ZMB-00778,15.28612,120.004322
PH-ZMB-01146,14.837854,120.289498
PH-ZMB-01115,14.853166,120.327969
PH-ZMB-01035,14.919901,120.065442
PH-ZMB-00944,15.013128,120.072913
PH-TAR-00761,15.333062,120.624991
PH-TAR-00604,15.68108,120.5498
PH-TAR-00702,15.486797,120.645864
PH-PAN-00479,15.98819444,120.3349167
PH-PAN-00465,16.00867,120.343174
PH-PAN-00467,16.00746111,120.2029694
PH-PAN-00466,16.007867,120.247153
PH-PAN-00509,15.952193,120.487221
PH-PAN-00530,15.91964,120.37729
PH-PAN-00522,15.936234,120.376489
PH-PAN-00406,16.11284,120.4274
PH-PAN-00395,16.16743889,120.4893611
PH-PAM-00832,15.155808,120.726766
PH-PAM-01006,14.945369,120.483601
PH-ILN-00029,18.20088333,120.5897667
PH-PAM-00934,15.020174,120.516468
PH-PAM-00952,14.99634,120.539148
PH-PAM-01079,14.875454,120.530316
PH-PAM-01036,14.919609,120.536509
PH-ILN-00034,18.18301944,120.6214
PH-ILS-00112,17.56039,120.38944
PH-ILS-00066,17.786472,120.419368
PH-PAN-00415,16.08269,120.51893
PH-PAN-00496,15.974945,120.600653
PH-PAN-00476,15.994192,120.750538
PH-NUV-00292,16.654121,121.365439
PH-NUV-00372,16.286962,121.08407
PH-NUV-00308,16.55819444,121.1513889
PH-NUV-00319,16.512054,121.211939
PH-NUE-00615,15.659516,121.137191
PH-NUE-00787,15.249382,120.860639
PH-NUE-00582,15.755815,121.043622
PH-LUN-00354,16.333054,120.396388
PH-LUN-00343,16.392359,120.35257
PH-MOU-00205,16.999094,120.820167
PH-LUN-00307,16.559453,120.348409
PH-LUN-00369,16.29871944,120.4752306
PH-TAR-00673,15.528,120.521595
PH-ISA-00133,17.436071,121.756286
PH-ISA-00198,17.025426,121.834979
PH-ISA-00264,16.76038889,121.5432306
PH-ISA-02624,16.973884,121.992461
PH-CAG-00014,18.4063,121.38783
PH-CAG-02589,17.618562,121.70851
PH-CAG-00089,17.62729,121.72349
PH-CAG-00023,18.247552,121.818019
PH-ISA-00213,16.96641,121.72976
PH-TAR-00664,15.551219,120.389421
PH-TAR-00691,15.50387,120.4234
PH-BEN-00320,16.504429,120.484824
PH-LUN-00267,16.750655,120.393354
PH-ISA-00171,17.15732,121.61244
PH-ABR-00101,17.60708889,120.6157111
PH-ABR-00125,17.472965,120.692547
PH-CAG-00016,18.33416111,121.4853611
PH-BEN-00339,16.400884,120.591367
PH-BEN-00330,16.434087,120.505213
PH-IFU-00258,16.80573889,121.1212306
PH-ILS-00106,17.575784,120.454973
PH-CAG-00098,17.611319,121.751038
PH-ILS-00162,17.192969,120.442525
PH-ILS-00166,17.17784,120.43128
PH-ISA-00218,16.9483,121.81153
PH-ISA-00225,16.920388,121.749279
PH-ISA-02531,16.950153,121.770701
PH-ISA-00278,16.697778,121.547944
PH-ISA-02232,16.677408,121.548069
PH-MOU-00237,16.89851944,120.8953194
PH-LUN-00329,16.43423333,120.3470667
PH-PAN-00548,15.887676,120.237895
PH-BUL-02486,14.80868,121.08993
PH-BUL-01080,14.87449,120.82378
PH-BUL-00815,15.174521,120.963687
PH-BUL-01196,14.778145,120.881294
PH-BUL-01042,14.90916,120.7424
PH-BUL-02487,14.82481,120.822133
PH-BUL-01165,14.82274,120.85085
PH-BUL-01191,14.786047,121.025288
PH-BUL-00932,15.022522,120.972964
PH-PAN-00561,15.84775,120.5232167
PH-AUR-00598,15.69816111,121.4631306
PH-CAG-00080,17.6455,121.72194
PH-CAG-00060,17.84144,121.61858
PH-CAG-00103,17.598389,121.709057
PH-ISA-00254,16.831787,121.824613
PH-ISA-00250,16.84171111,121.5458806
PH-ISA-00295,16.632435,121.560061
PH-ISA-00151,17.283044,121.88995
PH-NUV-00393,16.172412,120.951319
PH-NUV-02507,16.33834,121.21177
PH-NUV-00363,16.31743056,121.0897806
PH-CAG-00120,17.50983889,121.7006389
PH-PAM-01058,14.89473333,120.533951
PH-PAN-00490,15.977671,120.404097
PH-PAN-00500,15.967283,120.584234
PH-PAN-00449,16.023945,120.215679
PH-NUE-00624,15.62873,120.95789
PH-PAN-00583,15.751309,120.32741
PH-PAN-02691,16.004073,120.424223
PH-TAR-00638,15.598393,120.573106
PH-BAN-01545,14.63482,120.492408
PH-ISA-03207,16.6955,121.60101
PH-NUE-03100,120.952392,15.263801
PH-PAN-03115,16.026447,120.226773
PH-BUL-01056,14.899249,120.846537
PH-ISA-00217,16.94853,121.78013
PH-BEN-00332,16.42507,120.601875
PH-LUN-02633,16.522296,120.456913
PH-PAN-00454,16.018939,120.192177
PH-KAL-03103,121.15745,17.39002
PH-ILN-03223,18.524887,120.803458
PH-BAN-02567,14.490742,120.579561
PH-TAR-00753,15.358775,120.531203
PH-TAR-02714,15.644374,120.644888
PH-PAN-00491,15.97745,120.565
PH-ZMB-02717,14.939682,120.192707
PH-PAM-02216,15.12171,120.59895
PH-PAM-02439,15.141633,120.623204
PH-PAM-00835,15.154659,120.611058
PH-PAM-03111,15.153836,120.575586
PH-PAM-00806,15.193201,120.674275
PH-PAM-00837,15.151319,120.816274
PH-PAM-00818,15.170619,120.767922
PH-BUL-02325,14.896189,120.77909
PH-BUL-02281,14.865027,120.795172
PH-BUL-02348,14.736073,120.949555
PH-PAM-02687,15.078414,120.657283
PH-PAM-00919,15.036923,120.660525
PH-PAM-00878,15.10142,120.61693
PH-PAM-03021,15.092426,120.610503
PH-BUL-03141,121.082776,14.814267
PH-BUL-01169,14.815046,121.039411
PH-BUL-02341,14.794453,121.084264
PH-PAM-00870,15.11568,120.57867
PH-PAM-03112,15.145645,120.549376
PH-BUL-02382,14.786693,121.033718
PH-PAM-02289,15.16997,120.62895
PH-PAM-02210,15.035489,120.787461
PH-BAN-01057,14.896045,120.460921
PH-BAN-01862,14.513823,120.608032
PH-NUE-02677,15.675022,120.840404
PH-NUE-03186,15.711408,120.776134
PH-ILS-02334,17.56502,120.37554
PH-ILS-02290,17.553917,120.402634
PH-ILS-02291,17.057911,120.48435
PH-ISA-00173,17.14448333,121.8896167
PH-NUE-02292,15.369701,120.975038
PH-NUE-02479,15.319644,120.834693
PH-NUE-00579,15.771156,120.867936
PH-NUE-02335,15.780547,120.888786
PH-NUE-02331,15.528244,121.011345
PH-NUE-02537,15.756962,121.010401
PH-NUE-02538,15.813491,121.003722
PH-NUE-02683,15.473994,120.912106
PH-LUN-02322,16.854294,120.421225
PH-LUN-02293,16.853565,120.443212
PH-LUN-00315,16.52473333,120.3269167
PH-PAM-00809,15.18645,120.59029
PH-PAM-02336,14.960909,120.567181
PH-ILS-00076,17.672992,120.423479
PH-PAM-02294,15.18206,120.58334
PH-ILS-02295,17.53214,120.40533
PH-ILS-02296,17.62151,120.36677
PH-NUV-00317,16.51694,121.18136
PH-ILN-02613,18.090926,120.801423
PH-ILN-02618,18.098018,120.736271
PH-ILN-02297,18.25333,120.563579
PH-PAN-02344,16.102115,120.377144
PH-PAN-02298,15.812622,120.556272
PH-PAN-02692,15.878557,120.390533
PH-PAN-00564,15.834654,120.372279
PH-PAN-02360,15.82373,120.2701
PH-AUR-02984,16.118657,121.85865
PH-AUR-02564,15.2883804,121.3756945
PH-PAN-02694,15.889634,120.322071
PH-PAN-02299,16.349538,119.912572
PH-PAN-02693,16.380691,119.954656
PH-ISA-02349,16.875739,121.710787
PH-ISA-00227,16.917658,121.725471
PH-ISA-02628,17.06588,121.949412
PH-ISA-00224,16.925448,121.79242
PH-ISA-02225,16.95173333,121.6697
PH-ISA-02631,16.68911,121.560162
PH-ILN-02614,18.22046111,120.7052806
PH-NUE-02300,15.820748,120.955173
PH-NUE-02301,15.780265,121.008152
PH-NUE-02681,15.825892,120.971918
PH-NUE-02682,15.412181,121.001828
PH-NUE-02326,15.445559,120.920193
PH-NUE-02302,15.473135,121.021696
PH-NUE-02337,15.86318,120.918035
PH-NUE-02679,15.367687,120.99611
PH-NUE-02678,15.609492,121.019466
PH-ISA-02342,16.8647,121.73
PH-PAN-00483,15.982973,120.351303
PH-PAN-02320,16.055442,120.514679
PH-NUE-02303,15.494082,120.964562
PH-BAN-02571,15.237381,15.237381
PH-NUE-03206,15.488024,120.822979
PH-NUE-00585,15.745508,120.783048
PH-NUE-02327,15.512504,121.011488
PH-NUE-02304,15.4734,121.067
PH-NUE-02328,15.50294444,121.079897
PH-NUE-02539,15.769661,121.018316
PH-ABR-02985,17.44553,120.76208
PH-PAN-03022,16.030479,120.359826
PH-PAN-00414,16.082975,120.397694
PH-TAR-03007,15.5764,120.61
PH-ISA-02390,16.722898,121.509126
PH-ISA-02986,121.8909861,16.8858372
PH-ISA-02305,16.661172,121.567403
PH-CAG-02597,18.183388,121.755419
PH-CAG-02595,17.759275,121.498055
PH-CAG-02593,18.419019,121.485287
PH-ISA-02306,17.16522,121.919244
PH-ISA-02307,17.112417,121.97224
PH-ISA-02987,17.23461,121.92841
PH-ISA-00219,16.93588333,121.7738333
PH-CAG-02598,17.639173,121.729193
PH-CAG-03249,121.49824,18.08639
PH-IFU-02989,16.70094,121.1829
PH-ISA-02338,16.735274,121.73745
PH-ISA-02629,16.674181,121.601373
PH-CAG-02599,17.590647,121.761234
PH-ISA-02308,17.06186,121.59068
PH-ISA-00238,16.891276,121.78628
PH-ISA-02625,16.867556,121.799533
PH-CAG-03251,121.6536256,18.08396932
PH-ISA-02309,16.8773329,121.7594572
PH-PAM-02380,15.093142,120.786201
PH-PAM-02339,15.058253,120.7756
PH-NUE-02990,15.642367,121.176175
PH-NUE-02310,15.739285,120.640271
PH-ISA-02329,16.69629,121.65026
PH-BUL-02488,14.744651,120.960375
PH-PAN-02489,16.3435,119.9786
PH-PAN-02311,16.096296,119.794201
PH-ISA-00283,16.687011,121.547298
PH-BAN-01391,14.68198,120.5099
PH-BAN-02568,14.858241,120.476444
PH-BAN-02573,14.861161,120.4383
PH-BAN-01128,14.846959,120.408903
PH-BAN-01153,14.831251,120.508709
PH-NUE-00661,15.553482,121.245552
PH-BAN-02574,14.459655,120.529769
PH-BAN-01183,14.801721,120.530782
PH-BAN-01898,14.45649,120.567696
PH-LUN-00361,16.320414,120.369944
PH-LUN-00360,16.321168,120.350989
PH-LUN-02473,16.360382,120.353862
PH-LUN-00269,16.73583,120.374083
PH-LUN-00274,16.70689,120.34
PH-LUN-00255,16.81962,16.81962
PH-LUN-00259,16.801887,120.416667
PH-LUN-00310,16.548584,120.320715
PH-LUN-00306,16.5608,120.322222
PH-LUN-02357,16.432063,120.343125
PH-LUN-00244,16.855609,120.372432
PH-LUN-00242,16.866735,120.387887
PH-LUN-00353,16.33661,120.48429
PH-LUN-02220,16.232642,120.41539
PH-LUN-02428,16.208214,120.50036
PH-LUN-00375,16.27551,120.382407
PH-LUN-00233,16.90834,120.46261
PH-ZMB-01127,14.847117,120.323838
PH-ZMB-00775,15.288261,120.023797
PH-ZMB-02716,15.244352,120.022032
PH-ZMB-02520,15.202171,120.030812
PH-ZMB-00860,15.128213,120.057515
PH-ZMB-00621,15.639807,119.931583
PH-ZMB-01021,14.934132,120.207291
PH-ZMB-01040,14.9121,120.229791
PH-ZMB-01103,14.86146,120.28842
PH-ZMB-00660,15.556169,119.947067
PH-ZMB-02256,15.489369,119.961216
PH-ZMB-00730,15.433389,119.915026
PH-ZMB-00736,15.401911,119.927776
PH-ZMB-00904,15.061089,120.068622
PH-ZMB-01076,14.878543,120.231297
PH-ZMB-01113,14.853971,120.243921
PH-ZMB-00822,15.167382,120.05071
PH-LUN-00384,16.223052,120.4506
PH-KAL-02262,17.465137,121.469854
PH-NUE-00662,15.55311,121.04379
PH-NUE-02669,15.293379,120.882777
PH-NUE-00726,15.447711,120.937863
PH-CAG-00083,17.64183,121.7439
PH-APA-00069,17.735374,121.397862
PH-ISA-00191,17.068246,121.639785
PH-IFU-00229,16.9123,121.4906
PH-PAN-00456,16.017955,119.777212
PH-PAN-02385,15.829379,120.565103
PH-APA-00017,18.333299,121.353539
PH-BUL-00950,14.998103,120.890669
PH-ILN-02222,18.067936,120.562518
PH-ILN-00051,18.01268,120.50612
PH-ILN-03234,18.206016,120.586312
PH-ILN-00031,18.195459,120.591175
PH-ILN-00046,18.058007,120.523061
PH-ILN-02621,18.458209,120.581848
PH-ILN-00041,18.11416,120.64185
PH-ILN-02619,18.13475,120.58785
PH-ILS-00056,17.888617,120.467787
PH-ILN-00047,18.05739,120.56535
PH-ILN-02616,18.091592,120.565233
PH-PAM-00881,15.094028,120.684251
PH-ILN-02617,18.5104,120.64014
PH-ILN-02620,18.07654,120.4862
PH-ILN-02615,18.377851,120.607245
PH-ILS-00140,17.387582,120.543267
PH-TAR-00772,15.298796,120.694012
PH-AUR-02563,15.7541013,121.5528296
PH-PAN-00468,16.004447,120.159181
PH-PAN-00427,16.05299,120.11431
PH-PAN-00396,16.166881,119.948342
PH-PAN-00389,16.185311,119.895893
PH-PAN-00398,16.165584,119.772146
PH-PAN-00371,16.290017,119.814579
PH-TAR-00601,15.686997,120.628122
PH-PAN-00531,15.919342,120.223281
PH-PAN-00411,16.08496,120.0283
PH-CAG-02278,17.66846,121.75223
PH-BAN-02570,14.913614,120.461458
PH-ILS-00169,17.161546,120.440133
PH-ILS-00165,17.179433,120.46691
PH-ILS-00170,17.16079,120.49052
PH-ILS-00159,17.21342,120.41475
PH-ILS-00145,17.324444,120.441611
PH-ILS-00092,17.62161,120.39559
PH-ILS-00104,17.592158,120.379013
PH-ILS-00200,17.013895,120.455769
PH-ILS-00186,17.085904,120.451588
PH-ILS-00085,17.633522,120.406454
PH-ILS-00223,16.929261,120.46227
PH-ILS-00115,17.553408,120.378715
PH-PAN-00560,15.84991,120.62576
PH-ILS-00072,17.690278,120.429417
PH-ILS-00179,17.12543,120.447178
PH-ILS-00105,17.583027,120.414103
PH-ILS-00114,17.554548,120.367901
PH-NUE-02673,15.762093,120.637187
PH-TAR-00727,15.44771,120.66872
PH-TAR-00771,15.3029,120.61297
PH-TAR-00683,15.513227,120.666584
PH-TAR-00603,15.681202,120.583457
PH-TAR-00620,15.640266,120.617971
PH-TAR-00612,15.664208,120.620784
PH-PAN-00521,15.938243,120.595384
PH-TAR-00629,15.617834,120.628995
PH-TAR-00639,15.598327,120.624571
PH-TAR-00735,15.404807,120.659894
PH-TAR-00651,15.577864,120.627135
PH-TAR-00658,15.556572,120.638124
PH-PAM-01052,14.901064,120.515568
PH-ZMB-02189,14.83093,120.2807
PH-NUE-02680,15.522547,120.866286
PH-CAG-02591,17.9676,121.95846
PH-CAG-00058,17.851667,121.904156
PH-ISA-00270,16.7234,121.55268
PH-CAG-00090,17.62491667,121.7315167
PH-APA-00028,18.21107,121.423155
PH-ABR-02558,17.444192,120.888634
PH-IFU-00291,16.656141,121.215066
PH-ISA-00248,16.85073,121.75087
PH-ISA-00143,17.37328,121.82009
PH-ISA-00137,17.4125,121.73989
PH-ISA-00221,16.93506,121.77037
PH-ISA-00226,16.91894,121.76277
PH-ISA-00220,16.935311,121.755297
PH-ISA-00275,16.70343,121.67727
PH-ISA-00277,16.698077,121.612452
PH-ISA-00193,17.052845,121.828619
PH-ISA-00175,17.141869,121.884581
PH-ISA-00181,17.10028,121.86222
PH-ISA-00177,17.13009,121.86538
PH-ISA-00203,17.00496,121.82853
PH-ISA-00239,16.889081,121.563999
PH-ISA-00129,17.458306,121.797505
PH-ISA-02364,16.67539,121.53893
PH-ISA-00276,16.702429,121.56159
PH-ISA-00285,16.684625,121.539913
PH-ISA-00197,17.02577,121.86198
PH-ISA-02518,16.820003,121.524388
PH-ISA-00281,16.69529,121.58335
PH-NUV-00322,16.48624,121.152329
PH-NUV-00366,16.30741667,121.0418333
PH-NUV-00380,16.234491,121.00474
PH-NUV-00311,16.537257,121.236128
PH-NUV-00323,16.477776,121.12015
PH-NUV-00325,16.45229,121.105203
PH-NUV-00365,16.31066667,121.0724167
PH-NUV-00309,16.549611,121.191194
PH-NUV-00299,16.606681,121.184553
PH-NUV-00304,16.568512,121.249953
PH-NUV-00321,16.49827778,121.1676389
PH-NUV-00302,16.576603,121.190781
PH-CAG-00021,18.262444,121.99075
PH-CAG-00006,18.57116,121.2253
PH-CAG-00118,17.54038,121.78768
PH-CAG-00099,17.60929,121.71509
PH-CAG-02472,17.62446,121.71326
PH-CAG-00093,17.61735,121.71685
PH-CAG-00018,18.281138,122.008161
PH-KAL-00135,17.414181,121.458252
PH-CAG-00013,18.407421,121.515015
PH-ZMB-01086,14.871354,120.289668
PH-CAG-00096,17.613906,121.699859
PH-ISA-00182,17.09898,121.85947
PH-BUL-02312,14.8188,121.0207
PH-CAG-00045,18.073229,121.533802
PH-TAR-00780,15.281933,120.677709
PH-BUL-01075,14.880157,121.123168
PH-BUL-01163,14.823131,121.049024
PH-BUL-00973,14.976552,121.065804
PH-PAM-00821,15.1676,120.510627
PH-PAM-00819,15.16902,120.5383
PH-BEN-00334,16.41522,120.63264
PH-BEN-00347,16.377904,120.673462
PH-BEN-02578,16.47462251,120.6331818
PH-TAR-00694,15.49363,120.59701
PH-TAR-00784,15.267159,120.565009
PH-TAR-00776,15.287458,120.569377
PH-TAR-02239,15.278333,120.520389
PH-TAR-00785,15.264556,120.522778
PH-TAR-00600,15.69308,120.41267
PH-TAR-00619,15.644035,120.414821
PH-PAN-00584,15.749713,120.445002
PH-TAR-00605,15.680706,120.415017
PH-TAR-02230,15.684076,120.488795
PH-TAR-00760,15.344603,120.593032
PH-TAR-00748,15.363528,120.547444
PH-TAR-00744,15.369521,120.494426
PH-TAR-00750,15.361361,120.60225
PH-TAR-00755,15.352715,120.570497
PH-TAR-00758,15.348777,120.456304
PH-TAR-00741,15.375997,120.559022
PH-TAR-00763,15.322981,120.663452
PH-TAR-00752,15.359748,120.715962
PH-TAR-00766,15.307543,120.63403
PH-TAR-00635,15.607387,120.604595
PH-TAR-00652,15.577315,120.613961
PH-TAR-00626,15.626303,120.594797
PH-TAR-00647,15.587064,120.640594
PH-TAR-00663,15.55296,120.525263
PH-TAR-00728,15.441264,120.727178
PH-TAR-00739,15.390858,120.707967
PH-TAR-00594,15.708291,120.355489
PH-TAR-00643,15.589722,120.369583
PH-TAR-00587,15.743067,120.57577
PH-TAR-00596,15.701716,120.580333
PH-TAR-00625,15.628306,120.581306
PH-TAR-00595,15.70309,120.52347
PH-TAR-00610,15.66647,120.571306
PH-TAR-00609,15.668064,120.645563
PH-TAR-02478,15.804134,120.606241
PH-TAR-00566,15.825417,120.602889
PH-ISA-00201,17.01057,121.84422
PH-PAN-00502,15.960821,120.736707
PH-QUI-02991,16.51377,121.54498
PH-QUI-02545,16.58038,121.57044
PH-QUI-02992,16.36416,121.63192
PH-QUI-02340,16.60052,121.57137
PH-QUI-02343,16.338169,121.6637
PH-ILS-02623,17.2145,120.4557
PH-ZMB-03135,15.026273,120.077598
PH-ZMB-03139,15.739046,119.910014
PH-CAG-03253,121.91403,17.92224
PH-NUV-00300,16.60268333,121.25705
PH-BEN-02577,16.558543,120.616551
PH-KAL-00139,17.399118,121.445641
PH-CAG-02596,18.310018,121.607215
PH-CAG-02592,17.653366,121.616214
PH-CAG-02594,18.029151,121.847442
PH-NUV-00385,16.195944,121.237062
PH-ISA-02433,17.0312,121.70169
PH-ISA-02630,16.980486,121.60667
PH-ISA-00212,16.973305,121.647781
PH-ISA-00222,16.934926,121.952322
PH-ISA-00199,17.01765,121.94413
PH-ISA-00160,17.20631,121.839823
PH-ISA-02627,17.208896,121.584055
PH-ISA-00216,16.95556,121.7933
PH-ISA-00241,16.871653,121.85921
PH-LUN-00350,16.348517,120.491821
PH-BEN-02279,16.415825,120.612698
PH-LUN-02458,16.728468,120.4211
PH-MOU-00185,17.086254,120.976875
PH-TAR-00656,15.56462,120.6564
PH-PAN-02313,15.929097,120.857654
PH-BUL-01149,14.836557,120.934477
PH-BUL-01140,14.840419,120.892661
PH-PAM-02330,15.135532,120.55999
PH-BUL-03127,14.82645,121.05785
PH-ZMB-03138,15.480407,119.960651
PH-LUN-00362,16.319423,120.468457
PH-ISA-03074,121.71765,16.7066
PH-TAR-00646,15.588333,120.470639
PH-TAR-00700,15.48722,120.59611
PH-TAR-00667,15.549117,120.596515
PH-TAR-00722,15.45706,120.59875
PH-TAR-00733,15.41629,120.60157
PH-TAR-00711,15.4792,120.57337
PH-TAR-00692,15.500778,120.580611
PH-TAR-00704,15.486471,120.663697
PH-TAR-00674,15.52695,120.59428
PH-TAR-02712,15.489161,120.58316
PH-TAR-00712,15.478894,120.681786
PH-TAR-00675,15.526779,120.632937
PH-TAR-00654,15.576087,120.671296
PH-BUL-02587,14.863044,120.842174
PH-MOU-00196,17.035867,120.890502
PH-CAG-03298,17.76827,121.65724
PH-CAG-03091,121.4879,18.1358
PH-CAG-03094,18.03646,121.68386
PH-NUE-02508,15.314621,120.95761
PH-BEN-00331,16.428534,120.6007
PH-BAN-03011,120.589614,14.570697
PH-CAG-03012,121.406726,18.357124
PH-ZMB-02974,15.3281,119.972
PH-TAR-03013,120.598586,15.4446
PH-BAN-03014,14.5361,120.391
PH-PAM-02412,14.996634,120.613349
PH-ISA-03075,121.52922,16.66993
PH-PAN-00480,15.986907,120.817118
PH-ISA-00149,17.304612,121.776911
PH-BUL-03078,120.9487,15.0704
PH-BEN-02997,16.6642,120.65722
PH-ZMB-03133,14.908424,120.16594
PH-ZMB-03137,15.354511,119.965112
PH-CAG-00067,17.75083,121.73774
PH-ILS-03096,17.763318,120.497504
PH-LUN-03093,16.277965,120.402262
PH-ABR-03102,120.615255,17.594418
PH-ILS-03107,17.397073,120.478851
PH-BUL-01126,14.848394,120.90458
PH-ISA-03252,16.81675,121.4903
PH-CAG-03250,17.884094,121.868408
PH-NUV-03079,16.59842,121.22524
PH-ISA-03297,16.53263,121.85251
PH-CAG-03072,17.55617,121.78128
PH-PAM-03136,15.0462,120.8612
PH-BUL-03129,120.9721,15.1005
PH-BUL-03130,14.87214,121.06806
PH-BUL-03105,14.7895,121.0534
PH-TAR-02713,15.48963333,120.5666167
PH-PAN-02188,15.86911111,120.5664722
PH-PAN-03114,15.904077,120.45376
PH-PAN-00422,16.066827,120.67012
PH-ILS-00119,17.53569,120.45063
PH-PAN-00378,16.240149,119.861797
PH-ILN-00033,18.185216,120.540401
PH-LUN-00246,16.85271667,120.3750833
PH-ISA-00190,17.070158,121.69422
PH-PAM-00824,15.167243,120.682245
PH-PAM-02236,15.12502,120.5851
PH-PAM-00817,15.17334,120.598905
PH-PAM-00916,15.044462,120.672356
PH-PAM-00911,15.04979,120.65415
PH-PAM-00902,15.06441,120.68066
PH-PAM-00883,15.092411,120.641742
PH-PAM-00958,14.989056,120.704667
PH-PAM-01005,14.946345,120.750793
PH-PAM-00954,14.991671,120.773186
PH-BUL-00926,15.027281,120.935156
PH-NUE-00681,15.521329,121.022464
PH-NUE-00669,15.5423,121.08391
PH-NUE-00783,15.271412,120.876461
PH-TAR-00745,15.368663,120.58625
PH-TAR-00713,15.47792,120.60157
PH-NUE-02257,15.311276,120.903617
PH-BUL-01013,14.938573,121.002923
PH-BUL-00992,14.959182,121.019528
PH-BUL-01164,14.823035,120.897696
PH-BUL-01102,14.861512,120.928575
PH-BUL-00977,14.97492,120.891539
PH-BUL-00981,14.973167,120.921163
PH-BUL-01168,14.815782,120.936439
PH-BUL-01192,14.784822,120.950538
PH-BUL-01182,14.80187,120.93134
PH-BUL-01181,14.802352,120.922404
PH-BUL-02208,14.783801,120.934039
PH-BUL-01199,14.776221,120.937286
PH-BUL-01185,14.799188,120.86814
PH-BUL-01178,14.807633,120.852324
PH-BUL-00998,14.952297,120.916498
PH-BUL-01030,14.927728,120.893897
PH-BUL-01022,14.933778,120.909361
PH-BUL-00996,14.956444,120.943234
PH-BUL-02581,14.898323,120.940003
PH-BUL-01049,14.90449,120.780703
PH-BUL-01151,14.832198,120.860185
PH-BUL-01159,14.829287,120.885726
PH-BUL-01144,14.83925,120.87016
PH-BUL-01141,14.84023,120.85638
PH-BUL-01120,14.851643,120.860012
PH-BUL-01087,14.871107,120.771005
PH-BUL-01099,14.86257,120.74249
PH-BUL-01066,14.886582,120.783399
PH-BUL-01100,14.862169,120.857107
PH-BUL-01110,14.85597,120.82058
PH-BUL-01147,14.836982,120.826115
PH-BUL-01082,14.873393,120.793271
PH-BUL-02258,14.841472,120.811472
PH-BUL-01114,14.85393,120.83636
PH-BUL-01089,14.87086,120.860374
PH-BUL-01069,14.884216,120.823463
PH-BUL-01194,14.780028,121.022611
PH-BUL-01235,14.74554,120.9814
PH-BUL-01259,14.73147,120.95373
PH-BUL-01221,14.758437,120.993778
PH-BUL-01227,14.75717,121.007601
PH-BUL-01231,14.75087,120.96911
PH-BUL-01215,14.764875,121.012105
PH-BUL-01266,14.729704,120.979151
PH-NCR-01236,14.74551,121.00251
PH-BUL-01248,14.739563,120.971035
PH-BUL-01083,14.872856,121.036611
PH-BUL-01092,14.868143,120.955926
PH-BUL-01152,14.831766,120.788946
PH-BUL-01145,14.839103,120.766603
PH-BUL-01118,14.851849,120.789823
PH-BUL-01064,14.890064,120.845988
PH-BUL-01055,14.899368,120.823641
PH-BUL-01053,14.901014,120.865085
PH-BUL-01048,14.90455,120.841205
PH-BUL-02579,14.922014,120.842796
PH-BUL-01047,14.905189,120.814087
PH-BUL-01001,14.949917,120.840249
PH-BUL-02490,14.909357,120.828799
PH-BUL-00905,15.060475,120.980891
PH-BUL-00908,15.051731,121.006176
PH-BUL-02259,14.84024,121.04398
PH-BUL-02217,14.816035,121.059048
PH-BUL-01188,14.790391,121.074067
PH-BUL-01117,14.852583,121.039722
PH-BUL-01105,14.85914,121.05253
PH-BUL-01179,14.80556,121.02817
PH-BUL-02246,14.846285,121.057381
PH-BUL-02175,14.857944,121.062771
PH-BUL-00858,15.13122,120.95889
PH-BUL-00985,14.969083,121.004186
PH-BUL-00983,14.972559,120.942132
PH-BUL-00931,15.024085,120.945391
PH-BUL-02413,14.96716,120.954163
PH-BUL-01119,14.851646,120.957113
PH-BUL-01166,14.82154,120.950637
PH-BUL-01174,14.81068,120.96942
PH-BUL-01085,14.871361,120.975667
PH-BUL-01122,14.850528,121.004444
PH-BUL-01098,14.862988,120.993129
PH-BUL-02211,14.80351,120.9555
PH-BUL-01173,14.811797,120.99663
PH-BUL-01084,14.872304,121.007378
PH-BUL-01116,14.852679,120.983558
PH-BUL-01161,14.827581,120.996178
PH-BUL-02352,14.830337,120.954067
PH-BUL-01272,14.72593,120.969702
PH-PAM-02397,15.16632,120.56319
PH-PAM-02219,15.160507,120.554593
PH-PAM-00840,15.150226,120.574961
PH-PAM-00828,15.16179,120.61753
PH-PAM-00838,15.15099,120.56674
PH-PAM-02429,15.143932,120.603974
PH-PAM-00852,15.136785,120.574205
PH-PAM-00862,15.125113,120.565071
PH-PAM-00873,15.111726,120.616168
PH-PAM-00868,15.116773,120.602411
PH-PAM-01004,14.94832,120.764387
PH-PAM-02491,14.952512,120.779708
PH-PAM-01033,14.925226,120.726131
PH-PAM-00994,14.957771,120.716281
PH-PAM-00850,15.13856,120.77225
PH-PAM-02438,14.99367,120.6547
PH-PAM-00960,14.986739,120.852249
PH-PAM-00935,15.019031,120.777301
PH-PAM-00880,15.09639,120.82639
PH-PAM-00928,15.025513,120.832185
PH-PAM-00925,15.031585,120.877875
PH-PAM-00978,14.97478,120.52951
PH-PAM-00967,14.979529,120.506104
PH-PAM-01023,14.931567,120.491363
PH-PAM-00953,14.994861,120.583694
PH-PAM-00990,14.962287,120.630324
PH-PAM-00980,14.973772,120.639372
PH-PAM-00964,14.981712,120.645053
PH-PAM-00969,14.977696,120.580767
PH-PAM-01015,14.937961,120.601041
PH-PAM-01060,14.894161,120.531238
PH-PAM-01043,14.908281,120.558311
PH-PAM-00807,15.189092,120.581322
PH-PAM-00793,15.225501,120.607301
PH-PAM-02248,15.246143,120.565408
PH-PAM-00810,15.182295,120.600848
PH-PAM-01046,14.90542,120.70135
PH-PAM-01074,14.880218,120.709375
PH-PAM-00857,15.133348,120.696036
PH-PAM-00899,15.066994,120.740721
PH-PAM-00893,15.073997,120.720167
PH-PAM-00903,15.064381,120.755662
PH-PAM-00886,15.089347,120.71626
PH-PAM-00951,14.996529,120.738039
PH-PAM-00970,14.977431,120.7510821
PH-PAM-02430,15.072301,120.541221
PH-PAM-00869,15.116175,120.566293
PH-PAM-00917,15.043344,120.518061
PH-PAM-00914,15.047374,120.555613
PH-PAM-00844,15.145701,120.653171
PH-PAM-00859,15.128341,120.631611
PH-PAM-00900,15.06648,120.66017
PH-PAM-00923,15.03184,120.70443
PH-PAM-00941,15.016229,120.703113
PH-PAM-00930,15.024267,120.683601
PH-PAM-00896,15.072725,120.65003
PH-PAM-02451,15.1031,120.6265
PH-PAM-00885,15.08956,120.65734
PH-PAM-00892,15.076256,120.634939
PH-PAM-00927,15.02555,120.69712
PH-PAM-00933,15.022091,120.721251
PH-PAM-00875,15.107485,120.924658
PH-PAM-00820,15.167964,120.907931
PH-PAM-00884,15.092137,120.768404
PH-PAM-00864,15.120358,120.776752
PH-PAM-00955,14.991582,120.630522
PH-PAM-00956,14.990864,120.598784
PH-PAM-00939,15.017401,120.580761
PH-PAM-00924,15.031734,120.584831
PH-PAM-00948,15.005181,120.621791
PH-PAM-01025,14.931301,120.592301
PH-PAM-00867,15.118264,120.657259
PH-PAN-00489,15.97775,120.37802
PH-TAR-00613,15.663356,120.510387
PH-APA-00024,18.239864,121.372539
PH-AUR-00340,16.39869722,122.2138611
PH-ISA-00256,16.818528,121.727222
PH-TAR-00555,15.856942,120.604122
PH-PAN-00399,16.161924,120.427709
PH-PAN-00525,15.93362778,120.3478611
PH-BEN-00358,16.328636,120.664774
PH-PAM-01088,14.870956,120.502118
PH-CAG-00082,17.64371,121.75973
PH-PAM-00846,15.14245,120.58085
PH-ILS-00108,17.57042,120.36162
PH-PAN-00474,15.99761667,120.57465
PH-ABR-00100,17.60711667,120.6925
PH-PAN-00429,16.049454,120.375504
PH-PAN-00447,16.02527,120.6376
PH-PAN-02240,16.020017,120.37794
PH-ZMB-00746,15.366703,119.958456
PH-TAR-00679,15.52357,120.56021
PH-PAN-00451,16.02192,120.35109
PH-PAN-00507,15.956142,120.63354
PH-ZMB-01156,14.83054412,120.2879881
PH-NUE-02174,15.438875,120.872141
PH-PAM-00848,15.14116,120.73955
PH-PAM-00853,15.1365,120.7971
PH-PAM-00936,15.01898,120.85383
PH-BUL-00894,15.07395,120.91695
PH-ZMB-01026,14.93018333,120.2009667
PH-PAM-00801,15.209079,120.583297
PH-PAM-00792,15.232941,120.575581
PH-PAN-00546,15.89067,120.23936
PH-PAN-00559,15.85088,120.25879
PH-PAN-00390,16.183642,120.004443
PH-PAN-00562,15.845389,120.515431
PH-PAN-00461,16.010361,120.68775
PH-PAN-00458,16.014167,120.61725
PH-PAN-02354,15.819257,120.48282
PH-PAN-00568,15.821377,120.458536
PH-PAN-00442,16.027784,120.250677
PH-PAN-00352,16.339568,119.892359
PH-PAN-00349,16.353872,119.813088
PH-PAN-00425,16.055925,119.872511
PH-PAN-00486,15.980327,120.374854
PH-PAN-00471,16.001075,120.360531
PH-PAN-00494,15.97545,120.3353
PH-PAN-00578,15.773846,120.390496
PH-PAN-00437,16.03812,120.33497
PH-PAN-00435,16.044317,120.335986
PH-PAN-00443,16.02736,120.33668
PH-PAN-00417,16.076554,120.341287
PH-PAN-00452,16.02125,120.331361
PH-PAN-00416,16.07767,120.3608
PH-PAN-00459,16.014093,120.31298
PH-PAN-00413,16.083745,120.374478
PH-PAN-02229,15.993022,119.885762
PH-PAN-00536,15.90667,119.88603
PH-PAN-00430,16.047556,120.550028
PH-PAN-00455,16.018615,120.175388
PH-PAN-00464,16.00911,120.22232
PH-PAN-00529,15.920632,120.406555
PH-PAN-00524,15.935167,120.432778
PH-PAN-00545,15.89198,120.44736
PH-PAN-00549,15.883999,120.508663
PH-PAN-00554,15.86239,120.436024
PH-PAN-00532,15.918981,120.421225
PH-PAN-00543,15.896211,120.426297
PH-PAN-00528,15.929299,120.413223
PH-PAN-00533,15.916376,120.507893
PH-PAN-00457,16.01689,120.51706
PH-PAN-02431,16.035583,120.492722
PH-PAN-00424,16.060057,120.402644
PH-PAN-00423,16.06232,120.42137
PH-PAN-00446,16.025537,120.417917
PH-PAN-00431,16.047118,120.412359
PH-PAN-00428,16.05141,120.38217
PH-PAN-00441,16.02886,120.435904
PH-PAN-00420,16.07247,120.59139
PH-PAN-00408,16.108665,120.56568
PH-PAN-00556,15.85607,120.64417
PH-PAN-00493,15.97585,120.35626
PH-PAN-00520,15.939978,120.344539
PH-PAN-00537,15.90245,120.3056
PH-PAN-00542,15.89671,120.369427
PH-PAN-02689,15.956533,120.329245
PH-PAN-00534,15.91458,120.32964
PH-PAN-00513,15.95102778,120.3520833
PH-PAN-02184,16.097055,120.393826
PH-PAN-00506,15.95738,120.46465
PH-PAN-00487,15.979646,120.470391
PH-PAN-00478,15.99106,120.43451
PH-PAN-00553,15.87407,120.57687
PH-PAN-00401,16.13837,120.5248
PH-PAN-02353,16.15519,120.5632
PH-PAN-02414,16.06788,120.09332
PH-PAN-00445,16.026732,120.743647
PH-PAN-00473,15.998979,120.34793
PH-PAN-00485,15.981776,120.531033
PH-PAN-00517,15.942398,120.580969
PH-PAN-00505,15.95857,120.52892
PH-PAN-02464,15.958696,120.571388
PH-PAN-00481,15.986827,120.55001
PH-PAN-00475,15.99674,120.59247
PH-PAN-00497,15.972125,120.542719
PH-PAN-00495,15.97507,120.55946
PH-PAN-00527,15.929641,120.581664
PH-PAN-00538,15.902361,120.592026
PH-PAN-00405,16.11349,120.53989
PH-ZMB-00590,15.724769,119.906607
PH-NUE-00676,15.526229,120.931844
PH-PAN-00400,16.16116667,119.9829444
PH-BUL-01000,14.95023333,120.9177833
PH-BUL-02260,14.875651,120.7959333
PH-BUL-01130,14.84665,120.8352333
PH-BUL-00993,14.958693,120.965171
PH-CAG-02372,17.652986,121.742478
PH-BAN-01375,14.687659,120.555409
PH-PAM-00938,15.018232,120.731769
PH-BUL-01073,14.88047,120.836915
PH-BUL-01108,14.856754,120.873014
PH-PAM-01045,14.907621,120.717361
PH-PAM-00999,14.951487,120.602373
PH-PAM-00979,14.974004,120.68784
PH-BUL-01162,14.827263,120.981086
PH-BUL-01062,14.891701,121.02193
PH-BUL-01197,14.777693,120.974355
PH-PAM-00788,15.243983,120.636446
PH-PAM-00984,14.970826,120.592082
PH-PAM-00831,15.160452,120.779284
PH-PAM-01016,14.936825,120.763293
PH-PAM-00872,15.11177,120.63166
PH-PAM-02684,15.021176,120.673173
PH-PAM-02263,15.017589,120.68744
PH-PAM-00901,15.065213,120.73361
PH-PAM-00855,15.134681,120.778644
PH-PAM-00913,15.048542,120.751713
PH-PAM-00833,15.15529,120.55215
PH-BUL-01125,14.84942,121.07902
PH-BUL-01132,14.845246,121.041709
PH-BUL-03221,14.811143,121.064924
PH-BUL-01106,14.858962,121.057108
PH-BUL-01007,14.944604,120.980752
PH-BUL-01219,14.762768,120.955238
PH-PAM-02381,15.14787,120.77007
PH-PAM-02492,15.254097,120.600924
PH-PAM-00890,15.079292,120.681801
PH-PAM-00876,15.103033,120.677003
PH-PAM-00856,15.134677,120.644805
PH-PAM-00789,15.239121,120.567531
PH-PAM-00920,15.033806,120.710084
PH-BUL-01027,14.928535,120.799913
PH-PAM-00961,14.985909,120.458021
PH-PAM-01012,14.93911,120.46169
PH-PAM-00915,15.044651,120.501616
PH-BUL-01133,14.843674,120.894911
PH-BUL-03201,14.771516,120.964933
PH-PAM-00842,15.14634,120.61119
PH-PAM-02373,15.01954,120.852125
PH-BUL-01071,14.8829,120.81495
PH-BUL-02365,14.733986,120.976914
PH-PAM-00921,15.032914,120.546487
PH-PAM-00959,14.988005,120.511409
PH-PAM-02264,15.12836,120.62165
PH-PAM-00907,15.05221,120.67592
PH-PAM-00834,15.155287,120.718007
PH-BUL-01177,14.808595,120.92746
PH-PAM-00805,15.19469,120.64035
PH-PAM-00802,15.205231,120.587351
PH-PAM-00943,15.013416,120.535288
PH-BUL-00851,15.137821,120.947723
PH-PAM-01009,14.941024,120.574683
PH-PAM-00965,14.98126,120.529838
PH-PAM-00795,15.2244,120.63
PH-PAM-00811,15.181661,120.603361
PH-PAM-00830,15.16131,120.60114
PH-PAM-00804,15.195018,120.593403
PH-PAM-00786,15.2608,120.712
PH-BUL-02378,14.793278,121.070212
PH-BUL-01148,14.836965,121.012197
PH-BUL-01158,14.82931,121.07558
PH-BUL-01112,14.854609,120.854824
PH-BUL-01204,14.769851,121.004197
PH-BUL-01214,14.764922,120.982694
PH-BUL-01028,14.927783,121.02552
PH-BUL-01041,14.910521,120.883874
PH-BUL-01107,14.85681,121.04621
PH-PAM-00866,15.11827,120.69774
PH-PAM-02434,15.08014,120.776232
PH-BUL-01059,14.89418,120.86683
PH-BUL-00871,15.113307,120.946533
PH-PAM-00982,14.973031,120.500755
PH-PAN-02237,15.988393,120.367614
PH-PAN-00514,15.946319,120.370547
PH-BAN-01091,14.86823,120.457084
PH-PAN-00547,15.890016,120.432777
PH-PAN-00570,15.817265,120.449951
PH-PAN-00572,15.80489,120.457031
PH-PAN-02238,15.915449,120.447156
PH-PAN-00565,15.834521,119.914046
PH-PAN-00499,15.967998,120.379606
PH-PAN-02435,16.096176,120.432003
PH-PAN-00501,15.96725,120.32328
PH-PAN-00472,16.000772,120.291449
PH-PAN-02178,16.01839,120.5232
PH-PAN-00544,15.893274,120.63674
PH-PAN-00508,15.953302,120.34742
PH-PAN-00432,16.045941,120.483693
PH-BAN-02572,14.495391,120.595709
PH-PAN-00421,16.067979,120.409691
PH-NUE-00670,15.537362,120.959114
PH-TAR-00698,15.489542,120.669684
PH-PAM-00986,14.9676,120.61773
PH-PAM-02452,15.134775,120.907304
PH-PAM-00849,15.139158,120.693443
PH-PAM-01029,14.927781,120.565164
PH-PAM-01054,14.900461,120.547677
PH-BUL-02199,14.923914,120.876087
PH-BUL-01090,14.868904,121.07854
PH-BUL-01213,14.766091,120.945493
PH-PAM-01072,14.881332,120.519922
PH-BUL-00968,14.977732,120.925135
PH-BUL-02588,14.83753,120.87742
PH-BUL-01139,14.840667,120.800818
PH-NUE-02493,15.634371,121.147116
PH-PAN-00504,15.960069,120.588701
PH-PAM-00823,15.167302,120.795914
PH-PAN-00518,15.940174,120.267893
PH-PAN-00462,16.009986,120.60334
PH-PAM-00877,15.102789,120.74217
PH-PAN-00404,16.116872,120.008657
PH-ILS-02347,17.566189,120.414627
PH-NUE-00510,15.951471,120.979453
PH-BUL-01167,14.816292,121.029916
PH-PAN-02494,16.098796,119.963955
PH-PAN-00391,16.177563,120.515784
PH-TAR-00731,15.423762,120.580674
PH-TAR-00716,15.469842,120.681581
PH-ISA-02509,16.92945,121.8064
PH-ILN-00037,18.161454,120.55607
PH-ISA-00215,16.95647,121.81498
PH-NUE-02314,15.763478,120.903888
PH-NUE-02675,15.352381,120.83383
PH-ISA-00189,17.075438,121.619714
PH-ISA-00155,17.238635,121.856588
PH-BUL-01095,14.86581667,120.9549833
PH-NUE-02674,15.648648,120.77781
PH-CAG-03179,17.65387,121.68953
PH-TAR-00734,15.409787,120.718598
PH-TAR-00641,15.5931753,120.7068729
PH-NUE-02676,15.339122,120.90724
PH-TAR-02524,15.61269,120.3512
PH-BAN-02569,14.731275,120.277815
PH-ISA-02500,17.45806,121.7448
PH-ISA-00192,17.053958,121.857929
PH-LUN-02632,16.604168,120.439594
PH-PAN-02367,15.99072667,120.2256968
PH-PAM-00889,15.080271,120.698751
PH-PAM-00865,15.119323,120.725008
PH-PAN-02474,15.972552,120.216573
PH-ILN-02612,18.14955,120.529521
PH-BEN-00342,16.395129,120.555132
PH-ISA-00130,17.45091,121.8017
PH-BEN-03185,16.456401,120.525123
PH-BUL-02275,14.94105,120.9418333
PH-BUL-02495,14.77995,120.9349833
PH-LUN-00271,16.72013333,120.3493167
PH-TAR-02496,15.54146667,120.5939833
PH-TAR-00720,15.45895,120.5974167
PH-TAR-00708,15.48356667,120.62295
PH-TAR-00657,15.558638,120.511406
PH-NUE-03200,15.6268,121.1446667
PH-NUE-00719,15.460837,120.951345
PH-NUE-00682,15.5169,120.9556833
PH-NUE-02409,15.73823333,120.9382333
PH-NUV-00368,16.29941667,121.1036833
PH-NUV-02410,16.38516667,121.1076
PH-ISA-00158,17.214467,121.609646
PH-CAG-00113,17.55729,121.6932
PH-CAG-00087,17.62823333,121.7160667
PH-CAG-00078,17.66903333,121.69585
PH-CAG-02600,18.19482,121.662307
PH-CAG-00055,17.909195,121.653912
PH-BAN-03190,14.718177,120.53678
PH-BAN-02575,14.68053333,120.2704
PH-ILN-00042,18.113809,120.573056
PH-ILN-02611,17.953862,120.52785
PH-ILN-03184,18.53351667,120.7601667
PH-ISA-00314,16.529202,122.259452
PH-ILS-00057,17.85926667,120.45545
PH-ILN-00036,18.16531,120.6474
PH-CAG-02384,17.73633333,121.4568833
PH-CAG-00064,17.7967,121.47795
PH-ZMB-00808,15.187877,120.034656
PH-ISA-00316,16.51872,121.740646
PH-LUN-00374,16.28178333,120.3823667
PH-LUN-00303,16.56966667,120.3254167
PH-LUN-00286,16.681073,120.400356
PH-PAN-00410,16.0915,119.9399833
PH-BEN-00287,16.671888,120.844307
PH-CAG-02265,18.04212,121.74217
PH-PAN-00448,16.02411667,120.45
PH-KAL-03193,17.37111111,121.5430278
PH-PAN-00436,16.04345,120.7969333
PH-PAN-00418,16.07493333,120.43775
PH-PAN-00498,15.97195,120.69496
PH-PAN-00484,15.9826,120.45915
PH-ISA-00195,17.03671,121.63032
PH-PAN-00444,16.027185,120.143341
PH-NUE-00589,15.72891667,120.6295333
PH-TAR-00628,15.6184,120.3786333
PH-PAN-00593,15.714181,120.355188
PH-TAR-00588,15.735303,120.573702
PH-TAR-00627,15.624415,120.649159
PH-BUL-01093,14.86704,121.039926
PH-ZMB-00898,15.06783333,120.0686667
PH-ISA-00141,122.238511,17.387345
PH-LUN-00356,16.331261,120.479335
PH-BEN-00337,16.40905,120.5409
PH-PAM-00799,15.218408,120.659247
PH-PAM-00906,15.05511667,120.7977
PH-PAN-00419,16.073337,120.760555
PH-PAM-01044,14.907693,120.715879
PH-PAN-00567,15.8227,120.3319889
PH-CAG-00012,18.444145,121.453459
PH-CAG-00061,17.83294,121.72514
PH-PAM-02688,15.069252,120.542983
PH-NUE-00668,15.547227,120.764458
PH-NUE-00503,15.960444,121.061835
PH-NUE-00551,15.88025,120.8984167
PH-NUE-00577,15.778977,120.809809
PH-NUE-02183,15.35895,120.9591333
PH-CAG-02590,18.28941,121.829997
PH-CAG-00020,18.269293,121.679656
PH-NUE-00642,15.58986667,120.87945
PH-NUE-00636,15.60258,121.05449
PH-BUL-02361,14.827517,120.791433
PH-BUL-01068,14.88425,120.73205
PH-ISA-02231,16.6755,121.4646
PH-ISA-00243,16.855696,121.755722
PH-ISA-00305,16.56183333,121.70125
PH-ISA-00146,17.316698,121.603077
PH-BUL-01097,14.863471,121.004821
PH-ISA-02214,16.98726,121.78623
PH-ISA-02432,16.827257,121.48145
PH-BUL-01202,14.77035,120.979501
PH-ISA-00138,17.39927,121.76619
PH-MAD-02056,13.433781,121.888956
PH-CAV-03219,14.301371,120.818614
PH-MAD-02045,13.491426,122.008364
PH-BTG-03211,13.915183,120.878927
PH-CAT-02034,13.555466,124.174467
PH-QUE-01234,14.747483,121.647866
PH-QUE-02000,13.74913333,122.1391333
PH-QUE-02028,13.595867,122.323717
PH-SOR-02710,12.846081,123.989348
PH-QUE-01455,14.66333333,121.6056167
PH-QUE-02030,13.569333,122.565969
PH-MAD-02042,13.496589,121.925111
PH-QUE-02700,13.9899,121.6576
PH-MAD-02080,13.283781,121.881294
PH-MAD-02049,13.464248,121.996593
PH-MAD-02084,13.260479,122.04414
PH-QUE-02699,13.80245,122.41473
PH-MAD-02032,13.560395,121.858677
PH-MAD-02070,13.337912,122.070507
PH-QUE-02052,13.453518,122.52268
PH-QUE-02001,13.744666,122.167401
PH-SOR-02708,12.975512,123.846974
PH-CAS-03224,13.639,123.1451
PH-CAS-02605,13.665445,123.317752
PH-CAS-03172,13.6103,123.2128
PH-CAS-02604,13.7314,123.3882
PH-CAV-03153,14.103015,120.941784
PH-CAS-02607,13.6871,122.9969
PH-CAS-02606,13.7165,123.2373
PH-SOR-02709,13.06608,124.1277
PH-CAT-01984,13.872002,124.306704
PH-CAT-01937,14.040832,124.169359
PH-MAS-02165,12.113395,123.782277
PH-BTG-03177,13.829469,120.626339
PH-BTG-03165,13.85197,121.05367
PH-QUE-02696,13.959533,121.631227
PH-QUE-02038,13.524318,122.409899
PH-QUE-02073,13.324173,122.6737
PH-QUE-02697,13.940457,121.376947
PH-LAG-03143,14.334029,121.052381
PH-QUE-02701,14.004375,121.608835
PH-CAN-03169,14.10744,122.9261
PH-MAD-02316,13.495801,121.9728
PH-CAN-03170,14.09386,122.948899
PH-ALB-03168,13.196321,123.733279
PH-CAS-03171,13.61747,123.23636
PH-CAT-03118,13.577581,124.218257
PH-ALB-03225,13.342003,123.410129
PH-ALB-02561,13.293215,123.467849
PH-MAD-02043,13.494808,121.875003
PH-CAS-03088,123.261241,13.358213
PH-CAS-03084,13.86808,122.94818
PH-CAS-03080,122.866954,13.775408
PH-CAT-03119,124.279218,13.59759
PH-CAT-03097,13.589694,124.223438
PH-CAT-03098,13.59181,124.19458
PH-MAS-02162,12.206568,123.817748
PH-PLW-03166,117.764796,9.074057
PH-PLW-03167,10.07026,118.81516
PH-ALB-02560,13.3488,123.72805
PH-CAS-02602,13.69568,123.49315
PH-CAT-02029,13.585893,124.206307
PH-CAS-02603,13.555273,123.207529
PH-BTG-03164,14.144912,121.067504
PH-LAG-03144,14.180496,121.182274
PH-BTG-03175,13.82726667,121.3969833
PH-CAV-03176,14.3575,120.923747
PH-BTG-03158,13.883591,120.637358
PH-QUE-02083,13.263759,122.680347
PH-LAG-03215,14.30266,121.1145
PH-MAD-02040,13.51594,121.993299
PH-CAV-03173,14.393185,120.925238
PH-BTG-03212,13.740515,121.068402
PH-MAS-02499,12.50869,123.397191
PH-MAS-02319,12.47167,123.38157
PH-QUE-03205,13.5157611,122.4088167
PH-ALB-03197,13.248082,123.78187
PH-PAM-00887,15.08586,120.52028
PH-QUE-01528,14.640429,121.957096
PH-PAN-00394,16.16981389,120.0669278
PH-LUN-00373,16.28571,120.48591
PH-PAN-00412,16.084126,120.354419
PH-BEN-00357,16.330498,120.64738
PH-ILS-03199,17.1513,120.4383167
PH-CAG-00009,18.4991,122.15385
PH-IFU-00272,16.717008,121.072158
PH-BUL-01171,14.81482,120.97671
PH-KAL-00142,17.386199,121.420278
PH-BAN-01460,14.662451,120.467484
PH-ILS-00116,17.54657,120.36517
PH-PAM-00942,15.01487,120.47333
PH-ZMB-02277,15.423856,119.96913
PH-ZMB-00653,15.57642,119.9466
PH-BUL-00910,15.050253,121.061538
PH-ABR-00110,17.569015,120.909737
PH-IFU-00289,16.662672,120.936138
PH-ILS-00187,17.082784,120.608879
PH-ILS-00079,17.656767,120.386976
PH-LUN-00298,16.611708,120.43464
PH-ISA-00230,16.911837,121.66905
PH-PAM-02685,15.16238333,120.5704167
PH-ISA-00268,16.7360639,121.63502
PH-ISA-00273,16.710317,121.696317
PH-CAN-03208,14.176311,122.626031
PH-CEB-03155,10.424986,123.916812
PH-NEC-03159,10.4439,123.41863
PH-NEC-03160,9.473619,122.561928
PH-CEB-03229,10.289867,123.893691
PH-AKL-03154,11.62109,122.4683
PH-WSA-03148,12.07281111,124.6006889
PH-ISA-00163,17.192298,121.824722
PH-PAN-00488,15.9794,120.1939833
PH-ABR-00081,17.645412,120.709573
PH-ILI-03156,11.451701,123.14701
PH-LEY-03232,11.200427,125.019573
PH-NEC-03149,10.71845,123.5096
PH-CEB-03157,10.304845,123.886977
PH-CEB-03150,10.06640915,123.6251755
PH-NER-03151,9.676181,122.797717
PH-MAD-02515,13.211697,121.987633
PH-CAG-00038,18.161125,121.599169
PH-TAR-00690,15.504059,120.714551
PH-ISA-00231,16.910899,121.763522
PH-AUR-02562,16.06716,121.78198
PH-ISA-00144,17.32783,121.805447
PH-NUE-00718,15.463789,121.083521
PH-NUE-02672,15.499022,120.908961
PH-PAN-00439,16.033225,119.870625
PH-PAN-00515,15.946179,120.522384
PH-PAN-00526,15.931728,119.782031
PH-ABR-00071,17.692379,120.669525
PH-BUL-01129,14.846929,120.767136
PH-PAN-02383,15.89391667,120.3710833
PH-TAR-00689,15.50419,120.54561
PH-PAN-00519,15.940081,120.310468
PH-TAR-00671,15.537149,120.639103
PH-BUL-01136,14.84293333,120.8826333
PH-CAG-00070,17.69776389,121.7491417
PH-CAG-00077,17.672082,121.517548
PH-PAM-02476,15.11575,120.6404833
PH-PAM-00790,15.237197,120.622875
PH-PAM-00946,15.00976667,120.7089833
PH-BUL-02514,14.699171,120.945678
PH-BUL-02584,14.78396667,120.9875
PH-BUL-00845,15.14413333,120.9747167
PH-BUL-01150,14.835359,121.016163
PH-PAN-00569,15.82083,119.906685
PH-ILS-02622,17.113516,120.451531
PH-PAN-02227,16.12088889,119.8108056
PH-ABR-00075,17.675123,120.68661
PH-ZMB-01065,14.886896,120.234696
PH-ISA-00194,17.04829,121.83443
PH-PAN-00370,16.2909,119.94644
PH-PAN-00558,15.855039,120.397991
PH-PAN-00477,15.99179167,119.8579917
PH-NUE-03183,15.7076,121.10595
PH-ZMB-03188,15.465117,119.958909
PH-ZMB-00841,15.14956667,120.0483167
PH-ZMB-00773,15.29308333,120.0218
PH-NUV-00359,16.323463,121.299475
PH-ISA-00124,17.476949,121.736443
PH-NUE-02181,15.3094,120.8579833
PH-ZMB-00634,15.60951667,119.9351833
PH-ISA-00261,16.786875,121.528
PH-BUL-01207,14.767401,120.9969667
PH-LUN-00351,16.345537,120.432208
PH-NUV-00297,16.61853333,121.206
PH-BUL-01155,14.83098333,121.0738667
PH-BAN-02565,14.82543333,120.5111833
PH-TAR-00751,15.3611,120.5176667
PH-TAR-00611,15.664773,120.635103
PH-NUE-00759,15.347532,120.9069
PH-PAN-00434,16.044477,120.421612
PH-PAN-00426,16.05452778,120.5374722
PH-NUE-00614,15.662186,121.018205
PH-CAG-00010,18.466888,121.338999
PH-CAG-02201,17.88628,121.56986
PH-BUL-02447,14.80871667,120.9995667
PH-PAM-01067,14.88515,120.70755
PH-PAM-00975,14.976063,120.735491
PH-ZMB-01109,14.85666667,120.2486
PH-PAM-00843,15.1461,120.6093833
PH-PAM-00989,14.96605,120.78679
PH-PAM-00945,15.0122,120.53005
PH-PAM-02467,15.15873333,120.6865167
PH-ILS-00084,17.63743333,120.4059333
PH-PAM-01017,14.936055,120.621869
PH-PAN-00482,15.98365,119.7919
PH-BUL-01307,14.711957,120.933154
PH-BUL-02582,14.814675,120.838039
PH-BUL-01137,14.84281667,121.0475333
PH-BUL-01063,14.890294,120.968422
PH-BUL-02203,14.90286667,120.8970833
PH-PAN-00512,15.951069,120.398401
PH-NEC-03145,10.74042,123.04137
